Quarter,Category,Store,Department,Amount
"Q1, 24",Cost of Goods Sold,A,MEAT ,-56785.00
"Q3, 24",Cost of Goods Sold,A,MEAT ,-46681.00
"Q3, 24",Cost of Goods Sold,A,Grocery,-41954.00
"Q3, 24",Cost of Goods Sold,A,Grocery,-35527.00
"Q4, 24",Cost of Goods Sold,A,Grocery,-33761.00
"Q4, 25",Cost of Goods Sold,A,Grocery,-30404.00
"Q1, 24",Cost of Goods Sold,A,Grocery,-30313.00
"Q2, 24",Cost of Goods Sold,A,MEAT ,-28690.00
"Q3, 24",Cost of Goods Sold,A,Grocery,-27608.00
"Q4, 24",Cost of Goods Sold,A,Grocery,-27052.00
"Q1, 25",Cost of Goods Sold,A,Grocery,-26488.00
"Q2, 25",Cost of Goods Sold,A,Grocery,-26451.00
"Q1, 26",Cost of Goods Sold,A,Grocery,-26218.00
"Q3, 25",Cost of Goods Sold,A,Grocery,-26176.00
"Q1, 24",Cost of Goods Sold,A,Grocery,-23137.00
"Q1, 24",Cost of Goods Sold,A,Grocery,-22526.00
"Q1, 26",Cost of Goods Sold,A,MEAT ,-21923.00
"Q2, 24",Cost of Goods Sold,A,Grocery,-21551.00
"Q1, 26",Cost of Goods Sold,A,Grocery,-20289.00
"Q3, 24",Cost of Goods Sold,A,PRODUCE ,-19809.00
"Q2, 25",Cost of Goods Sold,A,Grocery,-18816.00
"Q4, 24",Cost of Goods Sold,A,PRODUCE ,-18180.00
"Q4, 24",Cost of Goods Sold,A,MEAT ,-18157.00
"Q4, 24",Cost of Goods Sold,A,Grocery,-18133.00
"Q2, 26",Cost of Goods Sold,A,Grocery,-17009.00
"Q4, 25",Cost of Goods Sold,A,Grocery,-16872.00
"Q4, 25",Cost of Goods Sold,A,Grocery,-16756.00
"Q3, 24",Cost of Goods Sold,A,DELI ,-16215.00
"Q2, 24",Cost of Goods Sold,A,Grocery,-14874.00
"Q4, 24",Cost of Goods Sold,A,DELI ,-14537.00
"Q2, 25",Cost of Goods Sold,A,MEAT ,-13601.00
"Q3, 24",Cost of Goods Sold,A,TOBACCO ,-13186.00
"Q1, 26",Cost of Goods Sold,A,Grocery,-11676.00
"Q2, 26",Cost of Goods Sold,A,Grocery,-11563.00
"Q2, 24",Cost of Goods Sold,A,Grocery,-10883.00
"Q1, 25",Cost of Goods Sold,A,Grocery,-10377.00
"Q2, 26",Cost of Goods Sold,A,Grocery,-10202.00
"Q3, 24",Cost of Goods Sold,A,Grocery,-9953.00
"Q3, 25",Cost of Goods Sold,A,Grocery,-9780.00
"Q2, 25",Cost of Goods Sold,A,Grocery,-9383.00
"Q1, 25",Cost of Goods Sold,A,MEAT ,-9323.00
"Q1, 25",Cost of Goods Sold,A,DELI ,-8792.00
"Q2, 26",Cost of Goods Sold,A,DELI ,-8639.00
"Q1, 26",Cost of Goods Sold,A,PRODUCE ,-8426.00
"Q3, 25",Cost of Goods Sold,A,TOBACCO ,-7826.00
"Q4, 25",Cost of Goods Sold,A,MEAT ,-7204.00
"Q2, 25",Cost of Goods Sold,A,BEER ,-6946.00
"Q4, 25",Cost of Goods Sold,A,DELI ,-6669.00
"Q3, 25",Cost of Goods Sold,A,MEAT ,-6635.00
"Q1, 24",Cost of Goods Sold,A,MEAT ,-6448.00
"Q3, 24",Cost of Goods Sold,A,MEAT ,-6012.00
"Q3, 24",Cost of Goods Sold,A,MEAT ,-5814.00
"Q2, 24",Cost of Goods Sold,A,PRODUCE ,-5614.00
"Q4, 25",Cost of Goods Sold,A,BAKERY ,-5540.00
"Q1, 26",Cost of Goods Sold,A,MEAT ,-5361.00
"Q2, 25",Cost of Goods Sold,A,MEAT ,-5321.00
"Q1, 24",Cost of Goods Sold,A,TOBACCO ,-5308.00
"Q2, 26",Cost of Goods Sold,A,MEAT ,-5186.00
"Q3, 25",Cost of Goods Sold,A,DELI ,-5146.00
"Q4, 25",Cost of Goods Sold,A,PRODUCE ,-5105.00
"Q4, 24",Cost of Goods Sold,A,BAKERY ,-5013.00
"Q1, 25",Cost of Goods Sold,A,MEAT ,-4930.00
"Q4, 24",Cost of Goods Sold,A,MEAT ,-4727.00
"Q2, 26",Cost of Goods Sold,A,MEAT ,-4489.00
"Q2, 24",Cost of Goods Sold,A,MEAT ,-4472.00
"Q4, 24",Cost of Goods Sold,A,HBA ,-4458.00
"Q4, 25",Cost of Goods Sold,A,MEAT ,-4351.00
"Q4, 25",Cost of Goods Sold,A,MEAT ,-4222.00
"Q2, 24",Cost of Goods Sold,A,HBA ,-4168.00
"Q1, 24",Cost of Goods Sold,A,PRODUCE ,-4150.00
"Q3, 25",Cost of Goods Sold,A,Grocery,-4140.00
"Q4, 24",Cost of Goods Sold,A,MEAT ,-3940.00
"Q1, 25",Cost of Goods Sold,A,TOBACCO ,-3917.00
"Q4, 24",Cost of Goods Sold,A,MEAT ,-3818.00
"Q2, 25",Cost of Goods Sold,A,PRODUCE ,-3756.00
"Q2, 25",Cost of Goods Sold,A,DELI ,-3720.00
"Q3, 24",Cost of Goods Sold,A,HBA ,-3494.00
"Q2, 26",Cost of Goods Sold,A,BAKERY ,-3428.00
"Q2, 24",Cost of Goods Sold,A,MEAT ,-3413.00
"Q3, 25",Cost of Goods Sold,A,MEAT ,-3412.00
"Q1, 24",Cost of Goods Sold,A,MEAT ,-3319.00
"Q3, 24",Cost of Goods Sold,A,WINE ,-3268.00
"Q2, 26",Cost of Goods Sold,A,PRODUCE ,-2972.00
"Q1, 24",Cost of Goods Sold,A,BEER ,-2805.00
"Q1, 25",Cost of Goods Sold,A,MEAT ,-2704.00
"Q2, 26",Cost of Goods Sold,A,MEAT ,-2660.00
"Q2, 25",Cost of Goods Sold,A,MEAT ,-2611.00
"Q1, 26",Cost of Goods Sold,A,MEAT ,-2570.00
"Q1, 26",Cost of Goods Sold,A,DELI ,-2407.00
"Q2, 26",Cost of Goods Sold,A,DELI ,-2339.00
"Q4, 24",Cost of Goods Sold,A,TOBACCO ,-2332.00
"Q4, 24",Cost of Goods Sold,A,BAKERY ,-2313.00
"Q1, 24",Cost of Goods Sold,A,WINE ,-2299.00
"Q4, 25",Cost of Goods Sold,A,BEER ,-2137.00
"Q2, 25",Cost of Goods Sold,A,DELI ,-2064.00
"Q1, 26",Cost of Goods Sold,A,MEAT ,-2063.00
"Q3, 24",Cost of Goods Sold,A,BEER ,-1989.00
"Q3, 25",Cost of Goods Sold,A,WINE ,-1954.00
"Q2, 25",Cost of Goods Sold,A,Grocery,-1823.00
"Q1, 26",Cost of Goods Sold,A,BEER ,-1712.00
"Q1, 25",Cost of Goods Sold,A,PRODUCE ,-1708.00
"Q3, 25",Cost of Goods Sold,A,DELI ,-1586.00
"Q2, 26",Cost of Goods Sold,A,TOBACCO ,-1564.00
"Q2, 26",Cost of Goods Sold,A,DELI ,-1559.00
"Q2, 26",Cost of Goods Sold,A,WINE ,-1546.00
"Q1, 26",Cost of Goods Sold,A,BAKERY ,-1476.00
"Q4, 24",Cost of Goods Sold,A,HBA ,-1451.00
"Q2, 24",Cost of Goods Sold,A,TOBACCO ,-1407.00
"Q1, 25",Cost of Goods Sold,A,BEER ,-1364.00
"Q3, 24",Cost of Goods Sold,A,Grocery,-1354.00
"Q2, 25",Cost of Goods Sold,A,DELI ,-1318.00
"Q2, 24",Cost of Goods Sold,A,TOBACCO ,-1317.00
"Q2, 25",Cost of Goods Sold,A,MEAT ,-1294.00
"Q1, 24",Cost of Goods Sold,A,TOBACCO ,-1274.00
"Q3, 24",Cost of Goods Sold,A,DELI ,-1271.00
"Q3, 25",Cost of Goods Sold,A,PRODUCE ,-1222.00
"Q4, 24",Cost of Goods Sold,A,Grocery,-1194.00
"Q3, 25",Cost of Goods Sold,A,BAKERY ,-1185.00
"Q3, 25",Cost of Goods Sold,A,DELI ,-1176.00
"Q1, 25",Cost of Goods Sold,A,Grocery,-1149.00
"Q4, 25",Cost of Goods Sold,A,DELI ,-1111.00
"Q4, 25",Cost of Goods Sold,A,MEAT ,-1071.00
"Q1, 24",Cost of Goods Sold,A,PURCHASE DISCOUNT,-1038.00
"Q4, 25",Cost of Goods Sold,A,Grocery,-1030.00
"Q1, 25",Cost of Goods Sold,A,BAKERY ,-1016.00
"Q4, 24",Cost of Goods Sold,A,TOBACCO ,-1010.00
"Q4, 24",Cost of Goods Sold,A,BAKERY ,-1009.00
"Q1, 25",Cost of Goods Sold,A,WINE ,-976.00
"Q2, 25",Cost of Goods Sold,A,BAKERY ,-962.00
"Q4, 24",Cost of Goods Sold,A,PURCHASE DISCOUNT,-920.00
"Q4, 24",Cost of Goods Sold,A,WINE ,-892.00
"Q4, 25",Cost of Goods Sold,A,BAKERY ,-880.00
"Q4, 24",Cost of Goods Sold,A,HBA ,-879.00
"Q1, 25",Cost of Goods Sold,A,DELI ,-871.00
"Q1, 26",Cost of Goods Sold,A,BAKERY ,-825.00
"Q2, 26",Cost of Goods Sold,A,BAKERY ,-756.00
"Q2, 26",Cost of Goods Sold,A,BEER ,-745.00
"Q3, 24",Cost of Goods Sold,A,TOBACCO ,-731.00
"Q4, 25",Cost of Goods Sold,A,PURCHASE DISCOUNT,-726.00
"Q2, 26",Cost of Goods Sold,A,MEAT ,-724.00
"Q1, 26",Cost of Goods Sold,A,BEER ,-702.00
"Q3, 24",Cost of Goods Sold,A,PURCHASE DISCOUNT,-700.00
"Q2, 24",Cost of Goods Sold,A,PURCHASE DISCOUNT,-695.00
"Q1, 25",Cost of Goods Sold,A,PURCHASE DISCOUNT,-683.00
"Q4, 24",Cost of Goods Sold,A,DELI ,-659.00
"Q1, 25",Cost of Goods Sold,A,BAKERY ,-614.00
"Q2, 25",Cost of Goods Sold,A,PURCHASE DISCOUNT,-611.00
"Q1, 26",Cost of Goods Sold,A,PURCHASE DISCOUNT,-586.00
"Q4, 25",Cost of Goods Sold,A,DELI ,-585.00
"Q1, 26",Cost of Goods Sold,A,DELI ,-582.00
"Q1, 26",Cost of Goods Sold,A,TOBACCO ,-582.00
"Q3, 25",Cost of Goods Sold,A,PURCHASE DISCOUNT,-573.00
"Q3, 25",Cost of Goods Sold,A,Grocery,-566.00
"Q3, 24",Cost of Goods Sold,A,DELI ,-563.00
"Q3, 25",Cost of Goods Sold,A,BAKERY ,-548.00
"Q3, 24",Cost of Goods Sold,A,BEER ,-546.00
"Q1, 25",Cost of Goods Sold,A,HBA ,-541.00
"Q1, 25",Cost of Goods Sold,A,TOBACCO ,-531.00
"Q2, 26",Cost of Goods Sold,A,PURCHASE DISCOUNT,-526.00
"Q1, 24",Cost of Goods Sold,A,Dairy,-519.00
"Q1, 26",Cost of Goods Sold,A,WINE ,-507.00
"Q3, 24",Cost of Goods Sold,A,HBA ,-499.00
"Q2, 25",Cost of Goods Sold,A,TOBACCO ,-488.00
"Q1, 26",Cost of Goods Sold,A,Grocery,-462.00
"Q3, 25",Cost of Goods Sold,A,MEAT ,-457.00
"Q1, 25",Cost of Goods Sold,A,DELI ,-440.00
"Q1, 26",Cost of Goods Sold,A,DELI ,-409.00
"Q2, 25",Cost of Goods Sold,A,BAKERY ,-362.00
"Q2, 24",Cost of Goods Sold,A,Grocery,-358.00
"Q3, 25",Cost of Goods Sold,A,TOBACCO ,-356.00
"Q3, 24",Cost of Goods Sold,A,MEAT ,-342.00
"Q2, 26",Cost of Goods Sold,A,HBA ,-316.00
"Q1, 25",Cost of Goods Sold,A,HBA ,-308.00
"Q4, 24",Cost of Goods Sold,A,DELI ,-303.00
"Q3, 25",Cost of Goods Sold,A,BAKERY ,-300.00
"Q1, 25",Cost of Goods Sold,A,MEAT ,-277.00
"Q4, 25",Cost of Goods Sold,A,TOBACCO ,-275.00
"Q3, 25",Cost of Goods Sold,A,TOBACCO ,-269.00
"Q3, 24",Cost of Goods Sold,A,WINE ,-260.00
"Q2, 24",Cost of Goods Sold,A,PRODUCE ,-256.00
"Q2, 26",Cost of Goods Sold,A,WINE ,-248.00
"Q2, 25",Cost of Goods Sold,A,FLORAL ,-240.00
"Q3, 25",Cost of Goods Sold,A,HBA ,-240.00
"Q1, 24",Cost of Goods Sold,A,MEAT ,-239.00
"Q1, 24",Cost of Goods Sold,A,TOBACCO ,-238.00
"Q1, 26",Cost of Goods Sold,A,BAKERY ,-228.00
"Q3, 24",Cost of Goods Sold,A,PRODUCE ,-218.00
"Q3, 24",Cost of Goods Sold,A,TOBACCO ,-213.00
"Q2, 24",Cost of Goods Sold,A,TOBACCO ,-202.00
"Q1, 26",Cost of Goods Sold,A,PRODUCE ,-200.00
"Q4, 24",Cost of Goods Sold,A,TOBACCO ,-182.00
"Q4, 25",Cost of Goods Sold,A,BAKERY ,-176.00
"Q2, 26",Cost of Goods Sold,A,TOBACCO ,-172.00
"Q1, 26",Cost of Goods Sold,A,TOBACCO ,-162.00
"Q2, 25",Cost of Goods Sold,A,TOBACCO ,-160.00
"Q2, 26",Cost of Goods Sold,A,PRODUCE ,-156.00
"Q2, 25",Cost of Goods Sold,A,PRODUCE ,-151.00
"Q1, 25",Cost of Goods Sold,A,TOBACCO ,-146.00
"Q4, 24",Cost of Goods Sold,A,PRODUCE ,-136.00
"Q2, 25",Cost of Goods Sold,A,HBA ,-135.00
"Q4, 25",Cost of Goods Sold,A,HBA ,-135.00
"Q1, 25",Cost of Goods Sold,A,BAKERY ,-134.00
"Q1, 24",Cost of Goods Sold,A,HBA ,-132.00
"Q1, 24",Cost of Goods Sold,A,PRODUCE ,-132.00
"Q4, 25",Cost of Goods Sold,A,PRODUCE ,-127.00
"Q1, 26",Cost of Goods Sold,A,HBA ,-122.00
"Q1, 25",Cost of Goods Sold,A,HBA ,-114.00
"Q4, 24",Cost of Goods Sold,A,Dairy,-111.00
"Q1, 25",Cost of Goods Sold,A,PRODUCE ,-101.00
"Q3, 25",Cost of Goods Sold,A,PRODUCE ,-100.00
"Q4, 24",Cost of Goods Sold,A,HBA ,-98.00
"Q1, 24",Cost of Goods Sold,A,HBA ,-98.00
"Q1, 24",Cost of Goods Sold,A,Grocery,-90.00
"Q4, 25",Cost of Goods Sold,A,TOBACCO ,-85.00
"Q1, 26",Cost of Goods Sold,A,DELI ,-81.00
"Q3, 24",Cost of Goods Sold,A,HBA ,-76.00
"Q1, 26",Cost of Goods Sold,A,WINE ,-71.00
"Q2, 26",Cost of Goods Sold,A,BAKERY ,-61.00
"Q4, 24",Cost of Goods Sold,A,BAKERY ,-57.00
"Q2, 24",Cost of Goods Sold,A,Dairy,-53.00
"Q1, 26",Cost of Goods Sold,A,TOBACCO ,-48.00
"Q4, 24",Cost of Goods Sold,A,BEER ,-40.00
"Q2, 24",Cost of Goods Sold,A,BEER ,-38.00
"Q2, 25",Cost of Goods Sold,A,TOBACCO ,-36.00
"Q1, 25",Cost of Goods Sold,A,PRODUCE ,-30.00
"Q3, 25",Cost of Goods Sold,A,PRODUCE ,-30.00
"Q3, 24",Cost of Goods Sold,A,PRODUCE ,-25.00
"Q2, 24",Cost of Goods Sold,A,Frozen,-21.00
"Q4, 24",Cost of Goods Sold,A,PRODUCE ,-20.00
"Q2, 26",Cost of Goods Sold,A,PRODUCE ,-20.00
"Q4, 25",Cost of Goods Sold,A,PRODUCE ,-18.00
"Q2, 24",Cost of Goods Sold,A,HBA ,-14.00
"Q2, 24",Cost of Goods Sold,A,DELI ,-12.00
"Q2, 25",Cost of Goods Sold,A,PRODUCE ,-11.00
"Q2, 24",Cost of Goods Sold,A,PRODUCE ,-6.00
"Q1, 26",Cost of Goods Sold,A,PRODUCE ,-4.00
"Q2, 25",Cost of Goods Sold,A,HBA ,-3.00
"Q2, 26",Cost of Goods Sold,A,Grocery,0.00
"Q2, 24",Cost of Goods Sold,A,MEAT ,0.00
"Q2, 26",Cost of Goods Sold,A,DELI ,0.00
"Q3, 25",Cost of Goods Sold,A,HBA ,0.00
"Q4, 25",Cost of Goods Sold,A,HBA ,0.00
"Q3, 24",Cost of Goods Sold,A,Dairy,0.00
"Q4, 25",Cost of Goods Sold,A,Dairy,0.00
"Q3, 24",Cost of Goods Sold,A,Frozen,0.00
"Q4, 24",Cost of Goods Sold,A,Frozen,0.00
"Q2, 26",Cost of Goods Sold,A,Frozen,0.00
"Q3, 25",Cost of Goods Sold,A,FLORAL ,0.00
"Q2, 26",Cost of Goods Sold,A,FLORAL ,0.00
"Q3, 24",Cost of Goods Sold,A,BAKERY ,0.00
"Q2, 26",Cost of Goods Sold,A,TOBACCO ,0.00
"Q3, 25",Cost of Goods Sold,A,HBA ,0.00
"Q4, 25",Cost of Goods Sold,A,HBA ,0.00
"Q2, 25",Cost of Goods Sold,A,HBA ,0.00
"Q3, 25",Cost of Goods Sold,A,HBA ,0.00
"Q4, 25",Cost of Goods Sold,A,HBA ,0.00
"Q2, 24",Wages,A,Grocery,0.00
"Q3, 24",Wages,A,Grocery,0.00
"Q2, 24",Wages,A,MEAT ,0.00
"Q3, 24",Wages,A,MEAT ,0.00
"Q2, 24",Wages,A,Store Mgr Pay,0.00
"Q3, 24",Wages,A,Store Mgr Pay,0.00
"Q2, 25",Wages,A,PRODUCE ,0.00
"Q2, 24",Cost of Goods Sold,A,WINE ,1.00
"Q2, 25",Cost of Goods Sold,A,WINE ,2.00
"Q2, 26",Wages,A,MEAT ,9.00
"Q4, 25",Wages,A,Grocery,23.00
"Q1, 25",Cost of Goods Sold,A,WINE ,28.00
"Q2, 26",Wages,A,Grocery,36.00
"Q3, 25",Wages,A,MEAT ,60.00
"Q2, 25",Wages,A,MEAT ,62.00
"Q3, 25",Supplies,A,PRODUCE ,66.00
"Q4, 25",Cost of Goods Sold,A,FLORAL ,78.00
"Q1, 26",Cost of Goods Sold,A,TOBACCO ,79.00
"Q2, 25",Wages,A,Grocery,92.00
"Q1, 24",Wages,A,Store Mgr Pay,98.00
"Q2, 24",Cost of Goods Sold,A,HBA ,107.00
"Q1, 26",Wages,A,Grocery,117.00
"Q1, 26",Wages,A,MEAT ,119.00
"Q1, 25",Wages,A,Grocery,144.00
"Q1, 24",Wages,A,MEAT ,144.00
"Q2, 25",Wages,A,PRODUCE ,146.00
"Q2, 25",Cost of Goods Sold,A,BAKERY ,151.00
"Q4, 25",Supplies,A,PRODUCE ,172.00
"Q4, 25",Wages,A,PRODUCE ,184.00
"Q2, 25",Supplies,A,DELI ,186.00
"Q4, 24",Wages,A,PRODUCE ,216.00
"Q4, 25",Wages,A,MEAT ,223.00
"Q2, 25",Supplies,A,PRODUCE ,241.00
"Q4, 24",Wages,A,MEAT ,273.00
"Q4, 24",Wages,A,DELI ,312.00
"Q2, 24",Sales,A,DELI ,317.00
"Q1, 24",Cost of Goods Sold,A,BEER ,329.00
"Q3, 25",Wages,A,Grocery,330.00
"Q4, 25",Cost of Goods Sold,A,WINE ,344.00
"Q3, 24",Wages,A,MEAT ,346.00
"Q2, 24",Cost of Goods Sold,A,WINE ,376.00
"Q4, 25",Wages,A,PRODUCE ,376.00
"Q4, 24",Wages,A,Store Mgr Pay,400.00
"Q4, 25",Wages,A,DELI ,416.00
"Q1, 24",Wages,A,MEAT ,424.00
"Q1, 26",Supplies,A,PRODUCE ,430.00
"Q4, 25",Wages,A,Store Mgr Pay,440.00
"Q2, 26",Wages,A,PRODUCE ,469.00
"Q2, 24",Wages,A,MEAT ,487.00
"Q1, 24",Wages,A,Grocery,503.00
"Q3, 25",Supplies,A,DELI ,576.00
"Q1, 25",Wages,A,PRODUCE ,593.00
"Q1, 25",Wages,A,DELI ,619.00
"Q2, 25",Cost of Goods Sold,A,WINE ,636.00
"Q1, 26",Wages,A,PRODUCE ,650.00
"Q4, 24",Wages,A,MEAT ,674.00
"Q3, 25",Wages,A,PRODUCE ,676.00
"Q1, 26",Wages,A,PRODUCE ,740.00
"Q2, 26",Supplies,A,PRODUCE ,743.00
"Q2, 25",Cost of Goods Sold,A,BAKERY ,748.00
"Q1, 25",Wages,A,DELI ,767.00
"Q4, 25",Wages,A,DELI ,772.00
"Q3, 25",Cost of Goods Sold,A,BEER ,777.00
"Q4, 25",Cost of Goods Sold,A,WINE ,794.00
"Q3, 25",Wages,A,DELI ,802.00
"Q2, 25",Wages,A,DELI ,812.00
"Q4, 25",Wages,A,MEAT ,841.00
"Q3, 24",Wages,A,PRODUCE ,847.00
"Q1, 25",Wages,A,PRODUCE ,854.00
"Q1, 26",Wages,A,DELI ,854.00
"Q4, 24",Wages,A,PRODUCE ,879.00
"Q4, 25",Wages,A,PRODUCE ,902.00
"Q4, 24",Cost of Goods Sold,A,BEER ,961.00
"Q3, 25",Wages,A,DELI ,982.00
"Q3, 25",Wages,A,PRODUCE ,988.00
"Q1, 25",Cost of Goods Sold,A,BAKERY ,994.00
"Q1, 25",Wages,A,Grocery,995.00
"Q1, 24",Wages,A,Store Mgr Pay,1000.00
"Q2, 24",Wages,A,Store Mgr Pay,1000.00
"Q2, 26",Wages,A,PRODUCE ,1009.00
"Q1, 24",Cost of Goods Sold,A,HBA ,1024.00
"Q2, 26",Wages,A,DELI ,1058.00
"Q2, 25",Wages,A,MEAT ,1097.00
"Q1, 25",Wages,A,MEAT ,1102.00
"Q2, 26",Wages,A,DELI ,1153.00
"Q2, 26",Supplies,A,Grocery,1165.00
"Q2, 26",Wages,A,Grocery,1183.00
"Q4, 25",Wages,A,DELI ,1255.00
"Q2, 25",Wages,A,Grocery,1312.00
"Q3, 25",Cost of Goods Sold,A,BAKERY ,1339.00
"Q1, 26",Supplies,A,Grocery,1375.00
"Q4, 25",Wages,A,Grocery,1395.00
"Q2, 26",Cost of Goods Sold,A,MEAT ,1400.00
"Q4, 24",Wages,A,DELI ,1444.00
"Q4, 24",Wages,A,Grocery,1451.00
"Q4, 25",Wages,A,Grocery,1467.00
"Q1, 26",Wages,A,Grocery,1474.00
"Q3, 24",Wages,A,Grocery,1533.00
"Q4, 24",Wages,A,Grocery,1556.00
"Q4, 25",Cost of Goods Sold,A,BEER ,1564.00
"Q3, 25",Cost of Goods Sold,A,BEER ,1572.00
"Q4, 24",Wages,A,MEAT ,1663.00
"Q3, 25",Cost of Goods Sold,A,WINE ,1683.00
"Q4, 24",Wages,A,PRODUCE ,1692.00
"Q4, 25",Cost of Goods Sold,A,TOBACCO ,1725.00
"Q2, 24",Wages,A,Grocery,1735.00
"Q2, 26",Cost of Goods Sold,A,PRODUCE ,1762.00
"Q1, 26",Wages,A,DELI ,1774.00
"Q4, 25",Supplies,A,MEAT ,1781.00
"Q3, 24",Wages,A,MEAT ,1783.00
"Q1, 26",Cost of Goods Sold,A,BAKERY ,1784.00
"Q4, 25",Supplies,A,DELI ,1839.00
"Q4, 24",Cost of Goods Sold,A,WINE ,1907.00
"Q1, 25",Supplies,A,MEAT ,1985.00
"Q3, 25",Wages,A,MEAT ,2000.00
"Q3, 24",Wages,A,DELI ,2036.00
"Q4, 25",Wages,A,MEAT ,2047.00
"Q2, 24",Cost of Goods Sold,A,WINE ,2065.00
"Q1, 25",Wages,A,Store Mgr Pay,2065.00
"Q2, 25",Supplies,A,MEAT ,2081.00
"Q3, 25",Supplies,A,MEAT ,2092.00
"Q3, 25",Wages,A,Grocery,2121.00
"Q2, 24",Cost of Goods Sold,A,BEER ,2122.00
"Q2, 25",Wages,A,DELI ,2123.00
"Q2, 26",Supplies,A,MEAT ,2197.00
"Q1, 26",Supplies,A,DELI ,2268.00
"Q1, 24",Wages,A,MEAT ,2304.00
"Q2, 25",Cost of Goods Sold,A,PRODUCE ,2346.00
"Q4, 25",Supplies,A,Grocery,2347.00
"Q1, 25",Cost of Goods Sold,A,BEER ,2355.00
"Q2, 26",Supplies,A,DELI ,2369.00
"Q1, 24",Wages,A,Grocery,2416.00
"Q3, 24",Supplies,A,MEAT ,2464.00
"Q1, 24",Cost of Goods Sold,A,PRODUCE ,2528.00
"Q4, 25",Cost of Goods Sold,A,TOBACCO ,2529.00
"Q3, 24",Wages,A,PRODUCE ,2692.00
"Q4, 24",Wages,A,Grocery,2709.00
"Q2, 26",Cost of Goods Sold,A,DELI ,2713.00
"Q2, 26",Cost of Goods Sold,A,BEER ,2783.00
"Q4, 25",Cost of Goods Sold,A,MEAT ,2783.00
"Q1, 26",Supplies,A,MEAT ,2803.00
"Q2, 25",Wages,A,Store Mgr Pay,2876.00
"Q3, 25",Cost of Goods Sold,A,PRODUCE ,2882.00
"Q1, 24",Cost of Goods Sold,A,WINE ,2905.00
"Q1, 26",Cost of Goods Sold,A,DELI ,2906.00
"Q3, 25",Sales,A,FLORAL ,3008.00
"Q2, 25",Cost of Goods Sold,A,TOBACCO ,3196.00
"Q4, 24",Sales,A,FLORAL ,3208.00
"Q2, 24",Wages,A,MEAT ,3215.00
"Q3, 24",Wages,A,Store Mgr Pay,3316.00
"Q4, 25",Wages,A,Store Mgr Pay,3326.00
"Q2, 25",Supplies,A,Grocery,3409.00
"Q4, 25",Sales,A,FLORAL ,3473.00
"Q4, 24",Supplies,A,MEAT ,3535.00
"Q2, 26",Cost of Goods Sold,A,BAKERY ,3549.00
"Q4, 24",Wages,A,Store Mgr Pay,3551.00
"Q1, 26",Wages,A,Store Mgr Pay,3575.00
"Q4, 25",Cost of Goods Sold,A,BAKERY ,3648.00
"Q2, 26",Wages,A,Store Mgr Pay,3691.00
"Q2, 24",Sales,A,WINE ,3755.00
"Q3, 24",Cost of Goods Sold,A,TOBACCO ,3789.00
"Q1, 25",Supplies,A,Grocery,3820.00
"Q3, 25",Supplies,A,Grocery,3851.00
"Q3, 25",Cost of Goods Sold,A,DELI ,3920.00
"Q1, 24",Wages,A,Grocery,3960.00
"Q1, 24",Cost of Goods Sold,A,WINE ,3990.00
"Q3, 24",Wages,A,Grocery,4100.00
"Q4, 25",Cost of Goods Sold,A,WINE ,4168.00
"Q1, 24",Sales,A,WINE ,4207.00
"Q2, 24",Wages,A,Grocery,4229.00
"Q2, 25",Cost of Goods Sold,A,WINE ,4395.00
"Q2, 26",Cost of Goods Sold,A,WINE ,4528.00
"Q1, 25",Cost of Goods Sold,A,WINE ,4700.00
"Q3, 25",Wages,A,Store Mgr Pay,4721.00
"Q1, 26",Cost of Goods Sold,A,FLORAL ,4738.00
"Q3, 24",Sales,A,WINE ,4788.00
"Q2, 26",Wages,A,MEAT ,4794.00
"Q2, 25",Cost of Goods Sold,A,BEER ,4869.00
"Q1, 26",Cost of Goods Sold,A,WINE ,4914.00
"Q1, 26",Wages,A,MEAT ,4967.00
"Q3, 25",Cost of Goods Sold,A,MEAT ,4978.00
"Q4, 24",Cost of Goods Sold,A,WINE ,5004.00
"Q2, 24",Cost of Goods Sold,A,PRODUCE ,5005.00
"Q1, 25",Cost of Goods Sold,A,PRODUCE ,5006.00
"Q4, 25",Cost of Goods Sold,A,DELI ,5157.00
"Q3, 24",Sales,A,FLORAL ,5263.00
"Q4, 25",Cost of Goods Sold,A,PRODUCE ,5693.00
"Q2, 25",Cost of Goods Sold,A,DELI ,5739.00
"Q2, 25",Cost of Goods Sold,A,HBA ,5760.00
"Q2, 26",Cost of Goods Sold,A,Grocery,6193.00
"Q3, 25",Cost of Goods Sold,A,WINE ,6223.00
"Q4, 24",Sales,A,WINE ,6326.00
"Q2, 25",Wages,A,PRODUCE ,6344.00
"Q3, 24",Cost of Goods Sold,A,WINE ,6380.00
"Q3, 25",Sales,A,WINE ,6567.00
"Q2, 26",Sales,A,WINE ,6585.00
"Q3, 25",Cost of Goods Sold,A,MEAT ,6730.00
"Q2, 25",Sales,A,WINE ,6763.00
"Q3, 25",Cost of Goods Sold,A,TOBACCO ,6877.00
"Q1, 26",Cost of Goods Sold,A,PRODUCE ,7205.00
"Q1, 25",Sales,A,WINE ,7275.00
"Q1, 25",Cost of Goods Sold,A,DELI ,7282.00
"Q4, 25",Wages,A,PRODUCE ,7400.00
"Q1, 26",Sales,A,WINE ,7451.00
"Q4, 25",Sales,A,WINE ,7635.00
"Q2, 25",Cost of Goods Sold,A,HBA ,7817.00
"Q1, 25",Wages,A,PRODUCE ,7955.00
"Q1, 25",Cost of Goods Sold,A,HBA ,8099.00
"Q3, 24",Cost of Goods Sold,A,HBA ,8151.00
"Q2, 26",Wages,A,PRODUCE ,8167.00
"Q4, 24",Cost of Goods Sold,A,TOBACCO ,8235.00
"Q3, 24",Cost of Goods Sold,A,DELI ,8248.00
"Q1, 24",Cost of Goods Sold,A,BEER ,8413.00
"Q1, 26",Wages,A,PRODUCE ,8519.00
"Q1, 25",Cost of Goods Sold,A,TOBACCO ,8573.00
"Q1, 25",Cost of Goods Sold,A,MEAT ,8581.00
"Q3, 25",Wages,A,PRODUCE ,8815.00
"Q1, 24",Cost of Goods Sold,A,HBA ,9289.00
"Q2, 24",Supplies,A,Grocery,9485.00
"Q4, 25",Cost of Goods Sold,A,HBA ,9664.00
"Q2, 26",Cost of Goods Sold,A,BEER ,9675.00
"Q4, 25",Cost of Goods Sold,A,BEER ,9735.00
"Q2, 26",Sales,A,FLORAL ,9821.00
"Q4, 24",Supplies,A,Grocery,9898.00
"Q1, 24",Supplies,A,Grocery,9948.00
"Q1, 24",Cost of Goods Sold,A,TOBACCO ,9959.00
"Q4, 24",Wages,A,PRODUCE ,10051.00
"Q1, 25",Cost of Goods Sold,A,BEER ,10181.00
"Q2, 25",Sales,A,FLORAL ,10297.00
"Q1, 25",Sales,A,FLORAL ,10355.00
"Q1, 24",Wages,A,Store Mgr Pay,10410.00
"Q2, 24",Cost of Goods Sold,A,BEER ,10507.00
"Q3, 25",Cost of Goods Sold,A,HBA ,10758.00
"Q1, 25",Cost of Goods Sold,A,HBA ,10875.00
"Q1, 24",Sales,A,BEER ,11187.00
"Q3, 25",Cost of Goods Sold,A,BEER ,11329.00
"Q4, 24",Wages,A,Store Mgr Pay,11600.00
"Q3, 24",Wages,A,PRODUCE ,11735.00
"Q4, 24",Cost of Goods Sold,A,BEER ,11789.00
"Q3, 24",Wages,A,Store Mgr Pay,12000.00
"Q1, 26",Cost of Goods Sold,A,HBA ,12006.00
"Q4, 25",Cost of Goods Sold,A,Grocery,12139.00
"Q2, 26",Cost of Goods Sold,A,TOBACCO ,12278.00
"Q3, 24",Supplies,A,Grocery,12339.00
"Q3, 25",Wages,A,Store Mgr Pay,12371.00
"Q2, 25",Cost of Goods Sold,A,BEER ,12663.00
"Q4, 25",Wages,A,Store Mgr Pay,12760.00
"Q1, 25",Wages,A,Store Mgr Pay,13000.00
"Q2, 25",Wages,A,Store Mgr Pay,13000.00
"Q2, 25",Cost of Goods Sold,A,Grocery,13051.00
"Q2, 24",Sales,A,BEER ,13086.00
"Q1, 26",Cost of Goods Sold,A,BEER ,13096.00
"Q3, 25",Cost of Goods Sold,A,Grocery,13599.00
"Q3, 24",Cost of Goods Sold,A,BEER ,14010.00
"Q4, 25",Sales,A,BEER ,14124.00
"Q1, 26",Sales,A,BEER ,14230.00
"Q2, 26",Cost of Goods Sold,A,HBA ,14239.00
"Q2, 24",Wages,A,Store Mgr Pay,14254.00
"Q1, 26",Wages,A,Store Mgr Pay,14300.00
"Q2, 26",Wages,A,Store Mgr Pay,14300.00
"Q4, 24",Cost of Goods Sold,A,DELI ,14493.00
"Q1, 26",Sales,A,FLORAL ,15085.00
"Q2, 26",Sales,A,BEER ,15572.00
"Q1, 25",Sales,A,BEER ,15671.00
"Q4, 24",Sales,A,BEER ,15938.00
"Q3, 25",Sales,A,BEER ,16125.00
"Q1, 26",Wages,A,DELI ,16185.00
"Q2, 26",Sales,A,HBA ,16348.00
"Q1, 26",Sales,A,HBA ,16483.00
"Q2, 26",Wages,A,DELI ,16790.00
"Q3, 24",Sales,A,BEER ,16830.00
"Q4, 24",Cost of Goods Sold,A,PRODUCE ,16834.00
"Q2, 25",Sales,A,BEER ,17051.00
"Q4, 25",Wages,A,DELI ,17807.00
"Q1, 25",Cost of Goods Sold,A,BAKERY ,17962.00
"Q1, 24",Cost of Goods Sold,A,HBA ,18043.00
"Q1, 26",Cost of Goods Sold,A,BAKERY ,18189.00
"Q3, 25",Sales,A,HBA ,18197.00
"Q2, 24",Cost of Goods Sold,A,HBA ,18359.00
"Q4, 25",Sales,A,HBA ,18767.00
"Q4, 24",Sales,A,BAKERY ,18929.00
"Q3, 25",Cost of Goods Sold,A,BAKERY ,19118.00
"Q3, 24",Cost of Goods Sold,A,SUSHI ,19134.00
"Q2, 24",Cost of Goods Sold,A,TOBACCO ,19564.00
"Q1, 25",Wages,A,DELI ,19574.00
"Q2, 26",Cost of Goods Sold,A,TOBACCO ,19998.00
"Q2, 25",Wages,A,DELI ,20153.00
"Q2, 26",Cost of Goods Sold,A,BAKERY ,20325.00
"Q1, 26",Cost of Goods Sold,A,TOBACCO ,20754.00
"Q2, 25",Cost of Goods Sold,A,BAKERY ,20782.00
"Q4, 24",Cost of Goods Sold,A,BAKERY ,20828.00
"Q4, 25",Cost of Goods Sold,A,TOBACCO ,20964.00
"Q3, 25",Wages,A,DELI ,21093.00
"Q2, 25",Sales,A,HBA ,21371.00
"Q2, 26",Sales,A,TOBACCO ,21485.00
"Q1, 26",Cost of Goods Sold,A,MEAT ,21655.00
"Q3, 24",Wages,A,DELI ,21720.00
"Q3, 24",Cost of Goods Sold,A,PRODUCE ,21806.00
"Q1, 25",Cost of Goods Sold,A,Grocery,21913.00
"Q3, 24",Cost of Goods Sold,A,HBA ,22341.00
"Q2, 25",Cost of Goods Sold,A,MEAT ,22882.00
"Q1, 25",Sales,A,HBA ,23089.00
"Q2, 25",Cost of Goods Sold,A,SUSHI ,23520.00
"Q4, 25",Cost of Goods Sold,A,BAKERY ,23557.00
"Q3, 24",Sales,A,SUSHI ,23917.00
"Q3, 25",Wages,A,MEAT ,24019.00
"Q1, 26",Sales,A,TOBACCO ,24263.00
"Q1, 26",Cost of Goods Sold,A,Grocery,24270.00
"Q2, 25",Wages,A,MEAT ,24350.00
"Q3, 24",Sales,A,HBA ,24363.00
"Q4, 24",Wages,A,DELI ,25001.00
"Q1, 25",Cost of Goods Sold,A,SUSHI ,25025.00
"Q1, 25",Cost of Goods Sold,A,TOBACCO ,25494.00
"Q2, 24",Cost of Goods Sold,A,MEAT ,25563.00
"Q4, 24",Cost of Goods Sold,A,HBA ,25588.00
"Q2, 24",Wages,A,MEAT ,25846.00
"Q1, 25",Wages,A,MEAT ,26006.00
"Q1, 24",Wages,A,MEAT ,26032.00
"Q2, 24",Cost of Goods Sold,A,HBA ,26033.00
"Q1, 26",Sales,A,BAKERY ,26100.00
"Q4, 25",Sales,A,TOBACCO ,26269.00
"Q2, 26",Sales,A,BAKERY ,26800.00
"Q4, 24",Sales,A,HBA ,26871.00
"Q1, 25",Sales,A,BAKERY ,26997.00
"Q1, 26",Wages,A,MEAT ,27033.00
"Q4, 24",Cost of Goods Sold,A,SUSHI ,27802.00
"Q3, 24",Wages,A,MEAT ,27897.00
"Q4, 24",Wages,A,MEAT ,28036.00
"Q4, 25",Sales,A,BAKERY ,28270.00
"Q3, 25",Sales,A,BAKERY ,28475.00
"Q3, 25",Sales,A,TOBACCO ,28791.00
"Q2, 25",Sales,A,SUSHI ,28893.00
"Q2, 25",Cost of Goods Sold,A,TOBACCO ,29030.00
"Q2, 24",Sales,A,HBA ,29278.00
"Q4, 25",Wages,A,MEAT ,29777.00
"Q2, 26",Wages,A,MEAT ,30221.00
"Q4, 24",Cost of Goods Sold,A,MEAT ,30939.00
"Q1, 25",Sales,A,SUSHI ,31281.00
"Q1, 24",Sales,A,HBA ,32147.00
"Q2, 25",Sales,A,BAKERY ,32682.00
"Q3, 25",Cost of Goods Sold,A,TOBACCO ,32923.00
"Q3, 25",Cost of Goods Sold,A,SUSHI ,32980.00
"Q2, 25",Sales,A,TOBACCO ,33349.00
"Q1, 25",Cost of Goods Sold,A,Grocery,33719.00
"Q4, 25",Cost of Goods Sold,A,SUSHI ,33762.00
"Q4, 24",Sales,A,SUSHI ,34780.00
"Q1, 26",Cost of Goods Sold,A,SUSHI ,36019.00
"Q4, 25",Sales,A,SUSHI ,36371.00
"Q1, 26",Cost of Goods Sold,A,DELI ,36752.00
"Q1, 25",Sales,A,TOBACCO ,37189.00
"Q3, 25",Sales,A,SUSHI ,37800.00
"Q2, 26",Cost of Goods Sold,A,SUSHI ,37992.00
"Q3, 24",Sales,A,DELI ,41391.00
"Q4, 25",Cost of Goods Sold,A,DELI ,41498.00
"Q2, 25",Cost of Goods Sold,A,DELI ,42006.00
"Q4, 24",Cost of Goods Sold,A,TOBACCO ,42479.00
"Q4, 24",Cost of Goods Sold,A,Grocery,42531.00
"Q3, 25",Cost of Goods Sold,A,DELI ,43934.00
"Q3, 24",Cost of Goods Sold,A,MEAT ,44149.00
"Q1, 25",Cost of Goods Sold,A,DELI ,44385.00
"Q1, 26",Sales,A,SUSHI ,44794.00
"Q4, 24",Sales,A,TOBACCO ,45829.00
"Q2, 26",Cost of Goods Sold,A,DELI ,46663.00
"Q3, 24",Cost of Goods Sold,A,DELI ,47460.00
"Q2, 26",Sales,A,SUSHI ,48570.00
"Q1, 24",Cost of Goods Sold,A,Grocery,49518.00
"Q2, 24",Cost of Goods Sold,A,TOBACCO ,49547.00
"Q1, 24",Cost of Goods Sold,A,MEAT ,50970.00
"Q3, 24",Sales,A,TOBACCO ,51936.00
"Q2, 24",Cost of Goods Sold,A,Grocery,52781.00
"Q4, 24",Cost of Goods Sold,A,DELI ,53096.00
"Q4, 25",Sales,A,DELI ,54315.00
"Q1, 26",Sales,A,DELI ,54547.00
"Q1, 24",Sales,A,TOBACCO ,54641.00
"Q2, 24",Sales,A,TOBACCO ,55374.00
"Q1, 24",Cost of Goods Sold,A,TOBACCO ,55624.00
"Q4, 25",Wages,A,Grocery,55706.00
"Q2, 26",Sales,A,DELI ,55945.00
"Q1, 25",Sales,A,DELI ,56200.00
"Q4, 25",Cost of Goods Sold,A,PRODUCE ,56461.00
"Q2, 25",Sales,A,DELI ,57221.00
"Q1, 26",Cost of Goods Sold,A,PRODUCE ,57501.00
"Q1, 26",Wages,A,Grocery,57681.00
"Q3, 24",Cost of Goods Sold,A,TOBACCO ,58276.00
"Q3, 25",Sales,A,DELI ,59061.00
"Q2, 26",Wages,A,Grocery,59603.00
"Q2, 25",Wages,A,Grocery,60051.00
"Q4, 24",Sales,A,DELI ,61635.00
"Q3, 25",Wages,A,Grocery,61954.00
"Q2, 25",Cost of Goods Sold,A,PRODUCE ,63674.00
"Q3, 25",Cost of Goods Sold,A,PRODUCE ,64416.00
"Q1, 25",Wages,A,Grocery,65886.00
"Q1, 25",Cost of Goods Sold,A,PRODUCE ,70431.00
"Q4, 25",Sales,A,PRODUCE ,71019.00
"Q2, 26",Cost of Goods Sold,A,PRODUCE ,72887.00
"Q1, 24",Cost of Goods Sold,A,PRODUCE ,73045.00
"Q2, 24",Cost of Goods Sold,A,PRODUCE ,75082.00
"Q1, 26",Sales,A,PRODUCE ,77108.00
"Q2, 25",Sales,A,PRODUCE ,85488.00
"Q4, 24",Cost of Goods Sold,A,PRODUCE ,85552.00
"Q1, 24",Wages,A,Grocery,86626.00
"Q4, 24",Wages,A,Grocery,87157.00
"Q3, 25",Sales,A,PRODUCE ,88171.00
"Q3, 24",Wages,A,Grocery,88210.00
"Q1, 25",Sales,A,PRODUCE ,89544.00
"Q2, 26",Sales,A,PRODUCE ,90671.00
"Q4, 24",Sales,A,PRODUCE ,93939.00
"Q2, 24",Wages,A,Grocery,94266.00
"Q2, 24",Sales,A,PRODUCE ,98867.00
"Q3, 24",Cost of Goods Sold,A,PRODUCE ,99100.00
"Q1, 24",Sales,A,PRODUCE ,100508.00
"Q3, 24",Sales,A,PRODUCE ,112928.00
"Q3, 25",Cost of Goods Sold,A,MEAT ,192980.00
"Q1, 25",Cost of Goods Sold,A,MEAT ,195852.00
"Q4, 25",Cost of Goods Sold,A,MEAT ,202958.00
"Q1, 26",Cost of Goods Sold,A,MEAT ,205807.00
"Q2, 25",Cost of Goods Sold,A,MEAT ,208887.00
"Q2, 26",Cost of Goods Sold,A,MEAT ,215877.00
"Q1, 24",Cost of Goods Sold,A,MEAT ,216719.00
"Q4, 24",Cost of Goods Sold,A,MEAT ,218344.00
"Q2, 24",Cost of Goods Sold,A,MEAT ,221485.00
"Q1, 25",Sales,A,MEAT ,243428.00
"Q2, 24",Sales,A,MEAT ,249880.00
"Q2, 25",Sales,A,MEAT ,251431.00
"Q3, 25",Sales,A,MEAT ,253316.00
"Q4, 24",Sales,A,MEAT ,253651.00
"Q3, 24",Cost of Goods Sold,A,MEAT ,260682.00
"Q4, 25",Sales,A,MEAT ,261141.00
"Q1, 24",Sales,A,MEAT ,265320.00
"Q1, 26",Sales,A,MEAT ,272303.00
"Q3, 24",Sales,A,MEAT ,272748.00
"Q2, 26",Sales,A,MEAT ,274078.00
"Q3, 25",Cost of Goods Sold,A,Grocery,450058.00
"Q1, 26",Cost of Goods Sold,A,Grocery,451514.00
"Q2, 26",Cost of Goods Sold,A,Grocery,459081.00
"Q2, 24",Cost of Goods Sold,A,Grocery,466174.00
"Q1, 25",Cost of Goods Sold,A,Grocery,474616.00
"Q2, 25",Cost of Goods Sold,A,Grocery,502305.00
"Q4, 25",Cost of Goods Sold,A,Grocery,517608.00
"Q2, 26",Sales,A,Grocery,563769.00
"Q3, 25",Sales,A,Grocery,568836.00
"Q1, 24",Cost of Goods Sold,A,Grocery,574611.00
"Q1, 26",Sales,A,Grocery,591214.00
"Q2, 25",Sales,A,Grocery,594445.00
"Q3, 24",Cost of Goods Sold,A,Grocery,594919.00
"Q4, 25",Sales,A,Grocery,598907.00
"Q4, 24",Cost of Goods Sold,A,Grocery,599565.00
"Q1, 25",Sales,A,Grocery,626423.00
"Q2, 24",Sales,A,Grocery,631380.00
"Q3, 24",Sales,A,Grocery,685353.00
"Q4, 24",Sales,A,Grocery,692418.00
"Q1, 24",Sales,A,Grocery,715778.00
"Q1, 24",Cost of Goods Sold,C,Grocery,-304594.00
"Q2, 24",Cost of Goods Sold,C,Grocery,-93485.00
"Q1, 24",Cost of Goods Sold,C,MEAT ,-92152.00
"Q3, 24",Cost of Goods Sold,C,Grocery,-74774.00
"Q1, 24",Cost of Goods Sold,C,PRODUCE ,-53787.00
"Q1, 25",Cost of Goods Sold,C,MEAT ,-46348.00
"Q4, 25",Cost of Goods Sold,C,Grocery,-43062.00
"Q4, 25",Cost of Goods Sold,C,Grocery,-35405.00
"Q2, 25",Cost of Goods Sold,C,Grocery,-34905.00
"Q1, 25",Cost of Goods Sold,C,Grocery,-34192.00
"Q2, 26",Cost of Goods Sold,C,Grocery,-32983.00
"Q1, 26",Cost of Goods Sold,C,MEAT ,-32688.00
"Q3, 25",Cost of Goods Sold,C,Grocery,-32569.00
"Q2, 25",Cost of Goods Sold,C,Grocery,-31910.00
"Q3, 24",Cost of Goods Sold,C,Grocery,-30595.00
"Q4, 24",Cost of Goods Sold,C,Grocery,-30539.00
"Q1, 26",Cost of Goods Sold,C,Grocery,-28848.00
"Q1, 26",Cost of Goods Sold,C,Grocery,-27069.00
"Q2, 24",Cost of Goods Sold,C,Grocery,-27016.00
"Q1, 24",Cost of Goods Sold,C,Grocery,-26526.00
"Q3, 25",Cost of Goods Sold,C,Grocery,-23582.00
"Q2, 26",Cost of Goods Sold,C,Grocery,-22221.00
"Q4, 24",Cost of Goods Sold,C,Grocery,-21809.00
"Q4, 25",Cost of Goods Sold,C,Grocery,-21399.00
"Q1, 24",Cost of Goods Sold,C,Grocery,-19611.00
"Q2, 26",Cost of Goods Sold,C,Grocery,-14848.00
"Q4, 24",Cost of Goods Sold,C,Grocery,-14466.00
"Q4, 25",Cost of Goods Sold,C,MEAT ,-14062.00
"Q1, 26",Cost of Goods Sold,C,Grocery,-14057.00
"Q1, 25",Cost of Goods Sold,C,Grocery,-13699.00
"Q2, 24",Cost of Goods Sold,C,Grocery,-13614.00
"Q1, 25",Cost of Goods Sold,C,Grocery,-13178.00
"Q3, 24",Cost of Goods Sold,C,Grocery,-12189.00
"Q2, 25",Cost of Goods Sold,C,Grocery,-12094.00
"Q1, 24",Cost of Goods Sold,C,MEAT ,-11755.00
"Q2, 25",Cost of Goods Sold,C,MEAT ,-11391.00
"Q3, 25",Cost of Goods Sold,C,MEAT ,-11344.00
"Q3, 25",Cost of Goods Sold,C,Grocery,-11308.00
"Q2, 25",Cost of Goods Sold,C,MEAT ,-10523.00
"Q2, 26",Cost of Goods Sold,C,MEAT ,-10488.00
"Q1, 25",Cost of Goods Sold,C,MEAT ,-10098.00
"Q1, 26",Cost of Goods Sold,C,MEAT ,-10074.00
"Q2, 25",Cost of Goods Sold,C,PRODUCE ,-9912.00
"Q2, 24",Cost of Goods Sold,C,MEAT ,-9246.00
"Q2, 24",Cost of Goods Sold,C,MEAT ,-9200.00
"Q1, 26",Cost of Goods Sold,C,PRODUCE ,-8894.00
"Q4, 24",Cost of Goods Sold,C,MEAT ,-8868.00
"Q4, 24",Cost of Goods Sold,C,MEAT ,-8854.00
"Q2, 24",Cost of Goods Sold,C,MEAT ,-8403.00
"Q3, 24",Cost of Goods Sold,C,MEAT ,-8206.00
"Q3, 24",Cost of Goods Sold,C,MEAT ,-8128.00
"Q2, 24",Cost of Goods Sold,C,PRODUCE ,-8113.00
"Q1, 25",Cost of Goods Sold,C,PRODUCE ,-7797.00
"Q4, 25",Cost of Goods Sold,C,MEAT ,-7783.00
"Q1, 25",Cost of Goods Sold,C,DELI ,-7497.00
"Q3, 25",Cost of Goods Sold,C,MEAT ,-7317.00
"Q2, 24",Cost of Goods Sold,C,TOBACCO ,-6765.00
"Q4, 25",Cost of Goods Sold,C,BAKERY ,-6565.00
"Q3, 24",Cost of Goods Sold,C,MEAT ,-6530.00
"Q2, 25",Cost of Goods Sold,C,MEAT ,-6297.00
"Q1, 26",Cost of Goods Sold,C,DELI ,-6198.00
"Q1, 25",Cost of Goods Sold,C,MEAT ,-5768.00
"Q2, 26",Cost of Goods Sold,C,MEAT ,-5696.00
"Q4, 24",Cost of Goods Sold,C,BAKERY ,-5277.00
"Q2, 26",Cost of Goods Sold,C,MEAT ,-5199.00
"Q3, 25",Cost of Goods Sold,C,MEAT ,-5170.00
"Q1, 24",Cost of Goods Sold,C,MEAT ,-5022.00
"Q4, 25",Cost of Goods Sold,C,MEAT ,-4759.00
"Q4, 25",Cost of Goods Sold,C,DELI ,-4221.00
"Q1, 24",Cost of Goods Sold,C,TOBACCO ,-4217.00
"Q1, 26",Cost of Goods Sold,C,MEAT ,-3833.00
"Q2, 25",Cost of Goods Sold,C,DELI ,-3506.00
"Q3, 25",Cost of Goods Sold,C,TOBACCO ,-3492.00
"Q4, 24",Cost of Goods Sold,C,PRODUCE ,-3483.00
"Q2, 26",Cost of Goods Sold,C,DELI ,-3411.00
"Q3, 25",Cost of Goods Sold,C,DELI ,-3386.00
"Q4, 24",Cost of Goods Sold,C,TOBACCO ,-3358.00
"Q4, 25",Cost of Goods Sold,C,TOBACCO ,-2882.00
"Q2, 26",Cost of Goods Sold,C,TOBACCO ,-2843.00
"Q2, 26",Cost of Goods Sold,C,PRODUCE ,-2835.00
"Q2, 24",Cost of Goods Sold,C,HBA ,-2833.00
"Q3, 24",Cost of Goods Sold,C,TOBACCO ,-2682.00
"Q3, 24",Cost of Goods Sold,C,PRODUCE ,-2649.00
"Q1, 25",Cost of Goods Sold,C,Grocery,-2574.00
"Q1, 26",Cost of Goods Sold,C,MEAT ,-2466.00
"Q4, 24",Cost of Goods Sold,C,BAKERY ,-2429.00
"Q4, 24",Cost of Goods Sold,C,HBA ,-2392.00
"Q4, 24",Cost of Goods Sold,C,DELI ,-2308.00
"Q2, 26",Cost of Goods Sold,C,Grocery,-1912.00
"Q3, 25",Cost of Goods Sold,C,PRODUCE ,-1815.00
"Q1, 26",Cost of Goods Sold,C,TOBACCO ,-1805.00
"Q2, 25",Cost of Goods Sold,C,BAKERY ,-1767.00
"Q2, 26",Cost of Goods Sold,C,DELI ,-1765.00
"Q4, 25",Cost of Goods Sold,C,PRODUCE ,-1723.00
"Q3, 25",Cost of Goods Sold,C,BAKERY ,-1654.00
"Q2, 25",Cost of Goods Sold,C,DELI ,-1649.00
"Q2, 25",Cost of Goods Sold,C,DELI ,-1619.00
"Q4, 24",Cost of Goods Sold,C,HBA ,-1595.00
"Q4, 24",Cost of Goods Sold,C,MEAT ,-1556.00
"Q3, 24",Cost of Goods Sold,C,Grocery,-1449.00
"Q3, 25",Cost of Goods Sold,C,DELI ,-1418.00
"Q2, 24",Cost of Goods Sold,C,TOBACCO ,-1407.00
"Q2, 25",Cost of Goods Sold,C,TOBACCO ,-1363.00
"Q1, 26",Cost of Goods Sold,C,FLORAL ,-1354.00
"Q2, 25",Cost of Goods Sold,C,Grocery,-1332.00
"Q1, 25",Cost of Goods Sold,C,TOBACCO ,-1311.00
"Q1, 24",Cost of Goods Sold,C,TOBACCO ,-1274.00
"Q3, 25",Cost of Goods Sold,C,DELI ,-1274.00
"Q2, 24",Cost of Goods Sold,C,Grocery,-1193.00
"Q4, 24",Cost of Goods Sold,C,PURCHASE DISCOUNT,-1145.00
"Q1, 26",Cost of Goods Sold,C,BAKERY ,-1137.00
"Q2, 24",Cost of Goods Sold,C,HBA ,-1105.00
"Q2, 25",Cost of Goods Sold,C,BAKERY ,-1052.00
"Q4, 25",Cost of Goods Sold,C,PURCHASE DISCOUNT,-1047.00
"Q3, 24",Cost of Goods Sold,C,PURCHASE DISCOUNT,-1033.00
"Q4, 24",Cost of Goods Sold,C,TOBACCO ,-1010.00
"Q1, 25",Cost of Goods Sold,C,PURCHASE DISCOUNT,-990.00
"Q2, 24",Cost of Goods Sold,C,PURCHASE DISCOUNT,-948.00
"Q3, 25",Cost of Goods Sold,C,PURCHASE DISCOUNT,-941.00
"Q2, 25",Cost of Goods Sold,C,PURCHASE DISCOUNT,-909.00
"Q2, 26",Cost of Goods Sold,C,PURCHASE DISCOUNT,-908.00
"Q1, 26",Cost of Goods Sold,C,Grocery,-905.00
"Q1, 26",Cost of Goods Sold,C,PURCHASE DISCOUNT,-863.00
"Q2, 26",Cost of Goods Sold,C,MEAT ,-852.00
"Q1, 24",Cost of Goods Sold,C,PURCHASE DISCOUNT,-807.00
"Q4, 25",Cost of Goods Sold,C,BAKERY ,-793.00
"Q3, 25",Cost of Goods Sold,C,Grocery,-779.00
"Q1, 25",Cost of Goods Sold,C,BAKERY ,-769.00
"Q4, 24",Cost of Goods Sold,C,BAKERY ,-763.00
"Q3, 24",Cost of Goods Sold,C,TOBACCO ,-731.00
"Q1, 24",Cost of Goods Sold,C,Grocery,-691.00
"Q3, 25",Cost of Goods Sold,C,BAKERY ,-670.00
"Q1, 26",Cost of Goods Sold,C,BAKERY ,-669.00
"Q2, 25",Cost of Goods Sold,C,MEAT ,-654.00
"Q1, 24",Cost of Goods Sold,C,HBA ,-634.00
"Q2, 25",Cost of Goods Sold,C,DELI ,-589.00
"Q4, 24",Cost of Goods Sold,C,HBA ,-572.00
"Q4, 25",Cost of Goods Sold,C,MEAT ,-566.00
"Q1, 25",Cost of Goods Sold,C,TOBACCO ,-531.00
"Q2, 26",Cost of Goods Sold,C,BAKERY ,-497.00
"Q2, 25",Cost of Goods Sold,C,TOBACCO ,-488.00
"Q4, 25",Cost of Goods Sold,C,DELI ,-488.00
"Q1, 25",Cost of Goods Sold,C,DELI ,-483.00
"Q1, 25",Cost of Goods Sold,C,HBA ,-483.00
"Q4, 25",Cost of Goods Sold,C,Grocery,-470.00
"Q2, 26",Cost of Goods Sold,C,HBA ,-461.00
"Q1, 25",Cost of Goods Sold,C,BAKERY ,-452.00
"Q2, 24",Cost of Goods Sold,C,TOBACCO ,-436.00
"Q1, 24",Cost of Goods Sold,C,TOBACCO ,-425.00
"Q2, 25",Cost of Goods Sold,C,BAKERY ,-406.00
"Q3, 24",Cost of Goods Sold,C,TOBACCO ,-380.00
"Q2, 24",Cost of Goods Sold,C,PRODUCE ,-358.00
"Q3, 25",Cost of Goods Sold,C,TOBACCO ,-356.00
"Q4, 24",Cost of Goods Sold,C,Grocery,-348.00
"Q3, 24",Cost of Goods Sold,C,MEAT ,-342.00
"Q1, 24",Cost of Goods Sold,C,MEAT ,-340.00
"Q2, 24",Cost of Goods Sold,C,HBA ,-339.00
"Q1, 26",Cost of Goods Sold,C,DELI ,-333.00
"Q2, 26",Cost of Goods Sold,C,Grocery,-305.00
"Q2, 25",Cost of Goods Sold,C,TOBACCO ,-302.00
"Q4, 25",Cost of Goods Sold,C,BAKERY ,-293.00
"Q4, 24",Cost of Goods Sold,C,TOBACCO ,-291.00
"Q4, 25",Cost of Goods Sold,C,TOBACCO ,-290.00
"Q2, 24",Cost of Goods Sold,C,Dairy,-286.00
"Q2, 26",Cost of Goods Sold,C,PRODUCE ,-283.00
"Q4, 24",Cost of Goods Sold,C,Dairy,-281.00
"Q4, 25",Cost of Goods Sold,C,DELI ,-280.00
"Q1, 25",Cost of Goods Sold,C,DELI ,-280.00
"Q3, 25",Cost of Goods Sold,C,BAKERY ,-265.00
"Q1, 24",Cost of Goods Sold,C,Dairy,-265.00
"Q3, 25",Cost of Goods Sold,C,Dairy,-251.00
"Q1, 24",Cost of Goods Sold,C,HBA ,-247.00
"Q1, 25",Cost of Goods Sold,C,MEAT ,-241.00
"Q3, 24",Cost of Goods Sold,C,HBA ,-237.00
"Q1, 25",Cost of Goods Sold,C,TOBACCO ,-224.00
"Q3, 25",Cost of Goods Sold,C,TOBACCO ,-224.00
"Q2, 26",Cost of Goods Sold,C,TOBACCO ,-209.00
"Q4, 24",Cost of Goods Sold,C,DELI ,-208.00
"Q1, 26",Cost of Goods Sold,C,TOBACCO ,-196.00
"Q3, 24",Cost of Goods Sold,C,PRODUCE ,-182.00
"Q2, 25",Cost of Goods Sold,C,PRODUCE ,-180.00
"Q1, 26",Cost of Goods Sold,C,PRODUCE ,-180.00
"Q4, 25",Cost of Goods Sold,C,TOBACCO ,-177.00
"Q2, 26",Cost of Goods Sold,C,TOBACCO ,-173.00
"Q1, 26",Cost of Goods Sold,C,BAKERY ,-170.00
"Q1, 26",Cost of Goods Sold,C,TOBACCO ,-170.00
"Q2, 25",Cost of Goods Sold,C,FLORAL ,-165.00
"Q1, 26",Cost of Goods Sold,C,DELI ,-160.00
"Q1, 24",Cost of Goods Sold,C,PRODUCE ,-137.00
"Q1, 25",Cost of Goods Sold,C,PRODUCE ,-134.00
"Q4, 24",Cost of Goods Sold,C,BAKERY ,-131.00
"Q1, 25",Cost of Goods Sold,C,HBA ,-129.00
"Q4, 24",Cost of Goods Sold,C,DELI ,-129.00
"Q4, 24",Cost of Goods Sold,C,PRODUCE ,-126.00
"Q3, 25",Cost of Goods Sold,C,PRODUCE ,-125.00
"Q4, 25",Cost of Goods Sold,C,PRODUCE ,-116.00
"Q1, 25",Cost of Goods Sold,C,BAKERY ,-110.00
"Q2, 26",Cost of Goods Sold,C,DELI ,-108.00
"Q4, 25",Cost of Goods Sold,C,TOBACCO ,-102.00
"Q3, 25",Cost of Goods Sold,C,MEAT ,-90.00
"Q4, 24",Cost of Goods Sold,C,HBA ,-89.00
"Q2, 26",Cost of Goods Sold,C,BAKERY ,-87.00
"Q3, 24",Cost of Goods Sold,C,Frozen,-76.00
"Q4, 25",Cost of Goods Sold,C,HBA ,-75.00
"Q2, 25",Cost of Goods Sold,C,HBA ,-71.00
"Q3, 24",Cost of Goods Sold,C,Dairy,-69.00
"Q2, 25",Cost of Goods Sold,C,Dairy,-66.00
"Q1, 26",Cost of Goods Sold,C,HBA ,-64.00
"Q1, 25",Cost of Goods Sold,C,PRODUCE ,-46.00
"Q2, 26",Cost of Goods Sold,C,BAKERY ,-45.00
"Q3, 25",Cost of Goods Sold,C,FLORAL ,-45.00
"Q1, 24",Cost of Goods Sold,C,HBA ,-42.00
"Q1, 26",Cost of Goods Sold,C,PRODUCE ,-42.00
"Q3, 25",Cost of Goods Sold,C,HBA ,-41.00
"Q2, 25",Cost of Goods Sold,C,PRODUCE ,-40.00
"Q1, 26",Cost of Goods Sold,C,DELI ,-36.00
"Q2, 24",Cost of Goods Sold,C,PRODUCE ,-33.00
"Q4, 25",Cost of Goods Sold,C,PRODUCE ,-33.00
"Q3, 25",Cost of Goods Sold,C,PRODUCE ,-28.00
"Q3, 24",Cost of Goods Sold,C,PRODUCE ,-24.00
"Q2, 26",Cost of Goods Sold,C,PRODUCE ,-24.00
"Q2, 24",Cost of Goods Sold,C,HBA ,-20.00
"Q4, 25",Cost of Goods Sold,C,FLORAL ,-20.00
"Q1, 25",Cost of Goods Sold,C,Dairy,-19.00
"Q4, 24",Cost of Goods Sold,C,PRODUCE ,-17.00
"Q4, 24",Cost of Goods Sold,C,Frozen,-17.00
"Q2, 25",Cost of Goods Sold,C,Frozen,-16.00
"Q3, 24",Cost of Goods Sold,C,HBA ,-14.00
"Q1, 24",Cost of Goods Sold,C,PRODUCE ,-14.00
"Q2, 25",Cost of Goods Sold,C,HBA ,-11.00
"Q1, 25",Cost of Goods Sold,C,Frozen,-11.00
"Q1, 25",Cost of Goods Sold,C,HBA ,-8.00
"Q2, 24",Cost of Goods Sold,C,Frozen,-4.00
"Q2, 24",Cost of Goods Sold,C,MEAT ,0.00
"Q4, 24",Cost of Goods Sold,C,MEAT ,0.00
"Q2, 26",Cost of Goods Sold,C,DELI ,0.00
"Q3, 25",Cost of Goods Sold,C,HBA ,0.00
"Q4, 25",Cost of Goods Sold,C,HBA ,0.00
"Q1, 26",Cost of Goods Sold,C,Dairy,0.00
"Q2, 26",Cost of Goods Sold,C,Dairy,0.00
"Q3, 25",Cost of Goods Sold,C,Frozen,0.00
"Q1, 26",Cost of Goods Sold,C,Frozen,0.00
"Q2, 26",Cost of Goods Sold,C,Frozen,0.00
"Q2, 26",Cost of Goods Sold,C,FLORAL ,0.00
"Q3, 24",Cost of Goods Sold,C,BAKERY ,0.00
"Q3, 25",Cost of Goods Sold,C,HBA ,0.00
"Q4, 25",Cost of Goods Sold,C,HBA ,0.00
"Q2, 25",Cost of Goods Sold,C,HBA ,0.00
"Q3, 25",Cost of Goods Sold,C,HBA ,0.00
"Q4, 25",Cost of Goods Sold,C,HBA ,0.00
"Q3, 24",Supplies,C,MEAT ,0.00
"Q4, 25",Supplies,C,DELI ,0.00
"Q2, 24",Wages,C,Store Mgr Pay,0.00
"Q3, 24",Wages,C,Store Mgr Pay,0.00
"Q2, 24",Wages,C,Grocery,0.00
"Q3, 24",Wages,C,Grocery,0.00
"Q2, 24",Wages,C,MEAT ,0.00
"Q3, 24",Wages,C,MEAT ,0.00
"Q2, 24",Wages,C,Store Mgr Pay,0.00
"Q3, 24",Wages,C,Store Mgr Pay,0.00
"Q3, 24",Wages,C,Grocery,0.00
"Q4, 24",Wages,C,Grocery,0.00
"Q4, 25",Wages,C,BAKERY ,6.00
"Q2, 26",Wages,C,Grocery,21.00
"Q4, 25",Cost of Goods Sold,C,Frozen,27.00
"Q1, 24",Wages,C,Store Mgr Pay,52.00
"Q4, 24",Wages,C,Store Mgr Pay,61.00
"Q3, 24",Supplies,C,PRODUCE ,100.00
"Q4, 25",Wages,C,PRODUCE ,107.00
"Q1, 26",Supplies,C,DELI ,155.00
"Q4, 25",Cost of Goods Sold,C,BAKERY ,165.00
"Q1, 26",Wages,C,Grocery,165.00
"Q1, 26",Wages,C,PRODUCE ,168.00
"Q1, 24",Wages,C,MEAT ,176.00
"Q4, 25",Wages,C,PRODUCE ,208.00
"Q4, 25",Wages,C,Grocery,222.00
"Q2, 26",Wages,C,PRODUCE ,223.00
"Q3, 25",Wages,C,Grocery,225.00
"Q1, 25",Wages,C,Grocery,235.00
"Q4, 24",Wages,C,PRODUCE ,264.00
"Q2, 26",Supplies,C,DELI ,265.00
"Q1, 24",Wages,C,Grocery,326.00
"Q4, 25",Cost of Goods Sold,C,Dairy,336.00
"Q3, 25",Wages,C,PRODUCE ,384.00
"Q2, 25",Supplies,C,DELI ,411.00
"Q2, 25",Wages,C,PRODUCE ,416.00
"Q1, 25",Wages,C,PRODUCE ,429.00
"Q2, 25",Supplies,C,PRODUCE ,445.00
"Q4, 24",Wages,C,Store Mgr Pay,446.00
"Q4, 25",Wages,C,Store Mgr Pay,446.00
"Q1, 25",Wages,C,PRODUCE ,461.00
"Q2, 26",Cost of Goods Sold,C,DELI ,465.00
"Q3, 24",Cost of Goods Sold,C,TOBACCO ,469.00
"Q3, 25",Supplies,C,DELI ,481.00
"Q1, 25",Supplies,C,MEAT ,531.00
"Q2, 25",Wages,C,Grocery,560.00
"Q4, 24",Wages,C,PRODUCE ,561.00
"Q4, 24",Supplies,C,MEAT ,585.00
"Q3, 25",Wages,C,PRODUCE ,630.00
"Q2, 26",Supplies,C,MEAT ,637.00
"Q2, 24",Supplies,C,PRODUCE ,655.00
"Q2, 25",Wages,C,PRODUCE ,657.00
"Q1, 26",Wages,C,PRODUCE ,665.00
"Q3, 24",Wages,C,PRODUCE ,706.00
"Q4, 25",Wages,C,PRODUCE ,716.00
"Q2, 24",Supplies,C,MEAT ,748.00
"Q2, 26",Wages,C,PRODUCE ,753.00
"Q4, 25",Supplies,C,Grocery,768.00
"Q4, 24",Wages,C,PRODUCE ,789.00
"Q3, 24",Wages,C,PRODUCE ,826.00
"Q1, 25",Supplies,C,PRODUCE ,830.00
"Q4, 25",Supplies,C,PRODUCE ,832.00
"Q4, 24",Sales,C,FLORAL ,835.00
"Q3, 25",Supplies,C,PRODUCE ,846.00
"Q4, 24",Wages,C,MEAT ,882.00
"Q4, 25",Wages,C,MEAT ,916.00
"Q1, 25",Cost of Goods Sold,C,BAKERY ,919.00
"Q2, 25",Cost of Goods Sold,C,HBA ,923.00
"Q1, 26",Supplies,C,PRODUCE ,936.00
"Q4, 24",Wages,C,MEAT ,942.00
"Q4, 24",Supplies,C,PRODUCE ,943.00
"Q4, 24",Wages,C,Grocery,964.00
"Q2, 26",Supplies,C,PRODUCE ,983.00
"Q4, 24",Cost of Goods Sold,C,DELI ,1014.00
"Q4, 25",Wages,C,Grocery,1022.00
"Q1, 25",Cost of Goods Sold,C,HBA ,1058.00
"Q2, 26",Supplies,C,Grocery,1067.00
"Q4, 25",Sales,C,FLORAL ,1132.00
"Q1, 24",Supplies,C,PRODUCE ,1217.00
"Q1, 26",Wages,C,MEAT ,1258.00
"Q2, 25",Cost of Goods Sold,C,BAKERY ,1364.00
"Q2, 25",Cost of Goods Sold,C,TOBACCO ,1482.00
"Q1, 25",Wages,C,MEAT ,1503.00
"Q3, 25",Supplies,C,Grocery,1505.00
"Q3, 24",Wages,C,MEAT ,1518.00
"Q3, 25",Sales,C,FLORAL ,1524.00
"Q4, 24",Cost of Goods Sold,C,Grocery,1543.00
"Q1, 26",Sales,C,FLORAL ,1594.00
"Q3, 24",Cost of Goods Sold,C,MEAT ,1653.00
"Q2, 25",Wages,C,BAKERY ,1662.00
"Q2, 26",Cost of Goods Sold,C,PRODUCE ,1718.00
"Q3, 25",Cost of Goods Sold,C,PRODUCE ,1737.00
"Q4, 25",Cost of Goods Sold,C,PRODUCE ,1743.00
"Q2, 25",Supplies,C,Grocery,1749.00
"Q4, 24",Wages,C,MEAT ,1837.00
"Q3, 24",Wages,C,MEAT ,1880.00
"Q2, 25",Wages,C,MEAT ,1988.00
"Q1, 25",Wages,C,MEAT ,2009.00
"Q1, 26",Supplies,C,MEAT ,2021.00
"Q1, 24",Wages,C,Store Mgr Pay,2164.00
"Q1, 25",Sales,C,FLORAL ,2253.00
"Q3, 24",Cost of Goods Sold,C,HBA ,2298.00
"Q4, 25",Supplies,C,MEAT ,2304.00
"Q3, 25",Supplies,C,MEAT ,2305.00
"Q4, 25",Wages,C,MEAT ,2387.00
"Q2, 24",Wages,C,MEAT ,2427.00
"Q4, 25",Wages,C,MEAT ,2452.00
"Q1, 24",Wages,C,Grocery,2476.00
"Q2, 25",Supplies,C,MEAT ,2577.00
"Q4, 24",Wages,C,Grocery,2684.00
"Q1, 25",Cost of Goods Sold,C,SUSHI ,2686.00
"Q2, 26",Wages,C,MEAT ,2686.00
"Q3, 25",Wages,C,MEAT ,2705.00
"Q1, 24",Wages,C,MEAT ,2718.00
"Q2, 26",Sales,C,FLORAL ,2734.00
"Q4, 25",Cost of Goods Sold,C,Grocery,2755.00
"Q2, 26",Cost of Goods Sold,C,BAKERY ,2813.00
"Q1, 25",Wages,C,Store Mgr Pay,2830.00
"Q4, 25",Wages,C,Store Mgr Pay,2923.00
"Q3, 25",Wages,C,BAKERY ,2939.00
"Q2, 26",Wages,C,Store Mgr Pay,2954.00
"Q3, 25",Cost of Goods Sold,C,HBA ,2958.00
"Q1, 26",Supplies,C,Grocery,2971.00
"Q3, 25",Wages,C,Store Mgr Pay,2973.00
"Q1, 26",Cost of Goods Sold,C,TOBACCO ,3082.00
"Q3, 24",Cost of Goods Sold,C,HBA ,3374.00
"Q1, 25",Sales,C,SUSHI ,3382.00
"Q2, 26",Wages,C,BAKERY ,3534.00
"Q2, 25",Wages,C,MEAT ,3549.00
"Q2, 25",Cost of Goods Sold,C,HBA ,3572.00
"Q2, 25",Wages,C,Store Mgr Pay,3598.00
"Q3, 24",Wages,C,Store Mgr Pay,3735.00
"Q2, 25",Sales,C,FLORAL ,3743.00
"Q4, 25",Cost of Goods Sold,C,DELI ,3875.00
"Q1, 26",Wages,C,Store Mgr Pay,3897.00
"Q1, 24",Wages,C,MEAT ,3952.00
"Q1, 26",Wages,C,BAKERY ,3990.00
"Q1, 24",Wages,C,Store Mgr Pay,4002.00
"Q3, 25",Wages,C,MEAT ,4017.00
"Q4, 24",Wages,C,Store Mgr Pay,4125.00
"Q1, 26",Cost of Goods Sold,C,BAKERY ,4144.00
"Q4, 25",Cost of Goods Sold,C,HBA ,4173.00
"Q3, 25",Cost of Goods Sold,C,DELI ,4195.00
"Q4, 25",Wages,C,BAKERY ,4315.00
"Q1, 25",Supplies,C,Grocery,4320.00
"Q1, 26",Cost of Goods Sold,C,HBA ,4366.00
"Q1, 25",Cost of Goods Sold,C,TOBACCO ,4464.00
"Q3, 25",Cost of Goods Sold,C,TOBACCO ,4482.00
"Q2, 25",Cost of Goods Sold,C,SUSHI ,4497.00
"Q2, 26",Cost of Goods Sold,C,TOBACCO ,4614.00
"Q3, 24",Wages,C,Grocery,4852.00
"Q3, 25",Cost of Goods Sold,C,BAKERY ,4993.00
"Q2, 24",Cost of Goods Sold,C,PRODUCE ,5060.00
"Q2, 24",Wages,C,Grocery,5148.00
"Q1, 24",Cost of Goods Sold,C,HBA ,5206.00
"Q4, 24",Sales,C,DELI ,5281.00
"Q2, 24",Wages,C,MEAT ,5349.00
"Q1, 24",Cost of Goods Sold,C,TOBACCO ,5388.00
"Q4, 24",Cost of Goods Sold,C,TOBACCO ,5444.00
"Q1, 25",Cost of Goods Sold,C,HBA ,5456.00
"Q3, 24",Cost of Goods Sold,C,PRODUCE ,5677.00
"Q4, 24",Cost of Goods Sold,C,PRODUCE ,5718.00
"Q1, 26",Sales,C,HBA ,5869.00
"Q2, 24",Wages,C,Grocery,5901.00
"Q2, 25",Sales,C,SUSHI ,5948.00
"Q1, 24",Cost of Goods Sold,C,HBA ,5963.00
"Q2, 26",Sales,C,HBA ,6080.00
"Q2, 26",Cost of Goods Sold,C,HBA ,6248.00
"Q4, 25",Wages,C,PRODUCE ,6251.00
"Q1, 26",Wages,C,PRODUCE ,6297.00
"Q1, 24",Wages,C,Grocery,6347.00
"Q3, 25",Wages,C,PRODUCE ,6486.00
"Q3, 25",Cost of Goods Sold,C,SUSHI ,6544.00
"Q1, 25",Cost of Goods Sold,C,DELI ,6568.00
"Q1, 24",Sales,C,HBA ,6757.00
"Q1, 24",Wages,C,Store Mgr Pay,6760.00
"Q2, 24",Cost of Goods Sold,C,TOBACCO ,6857.00
"Q4, 24",Cost of Goods Sold,C,DELI ,7009.00
"Q2, 26",Cost of Goods Sold,C,SUSHI ,7080.00
"Q3, 24",Sales,C,HBA ,7229.00
"Q2, 24",Sales,C,HBA ,7288.00
"Q2, 25",Sales,C,HBA ,7352.00
"Q3, 24",Supplies,C,Grocery,7396.00
"Q2, 24",Wages,C,Store Mgr Pay,7409.00
"Q1, 26",Cost of Goods Sold,C,DELI ,7422.00
"Q4, 25",Cost of Goods Sold,C,SUSHI ,7454.00
"Q3, 25",Sales,C,SUSHI ,7493.00
"Q1, 25",Sales,C,HBA ,7556.00
"Q4, 24",Supplies,C,Grocery,7705.00
"Q3, 25",Sales,C,HBA ,7719.00
"Q4, 25",Sales,C,SUSHI ,7785.00
"Q4, 25",Sales,C,HBA ,7815.00
"Q2, 25",Cost of Goods Sold,C,PRODUCE ,7998.00
"Q1, 26",Cost of Goods Sold,C,SUSHI ,8097.00
"Q2, 26",Wages,C,PRODUCE ,8220.00
"Q4, 24",Sales,C,HBA ,8224.00
"Q4, 24",Cost of Goods Sold,C,HBA ,8424.00
"Q2, 24",Cost of Goods Sold,C,HBA ,8657.00
"Q2, 25",Wages,C,PRODUCE ,8663.00
"Q2, 24",Supplies,C,Grocery,8795.00
"Q2, 24",Cost of Goods Sold,C,MEAT ,9028.00
"Q2, 26",Sales,C,SUSHI ,9244.00
"Q1, 25",Wages,C,PRODUCE ,9338.00
"Q1, 24",Supplies,C,Grocery,9456.00
"Q4, 24",Wages,C,PRODUCE ,9623.00
"Q3, 24",Wages,C,PRODUCE ,9852.00
"Q1, 26",Cost of Goods Sold,C,PRODUCE ,10167.00
"Q1, 26",Sales,C,SUSHI ,10248.00
"Q4, 25",Cost of Goods Sold,C,MEAT ,10748.00
"Q1, 25",Cost of Goods Sold,C,PRODUCE ,10968.00
"Q2, 26",Cost of Goods Sold,C,MEAT ,11580.00
"Q4, 24",Cost of Goods Sold,C,MEAT ,12550.00
"Q4, 25",Wages,C,Store Mgr Pay,12939.00
"Q2, 24",Wages,C,Store Mgr Pay,13246.00
"Q2, 25",Wages,C,Store Mgr Pay,13385.00
"Q3, 24",Cost of Goods Sold,C,HBA ,13403.00
"Q3, 25",Cost of Goods Sold,C,MEAT ,13626.00
"Q4, 24",Wages,C,Store Mgr Pay,13665.00
"Q1, 26",Wages,C,Store Mgr Pay,13831.00
"Q3, 24",Wages,C,Store Mgr Pay,14500.00
"Q1, 25",Wages,C,Store Mgr Pay,14500.00
"Q3, 25",Wages,C,Store Mgr Pay,14500.00
"Q2, 26",Wages,C,Store Mgr Pay,14790.00
"Q2, 26",Cost of Goods Sold,C,DELI ,15818.00
"Q4, 25",Cost of Goods Sold,C,DELI ,16827.00
"Q2, 26",Cost of Goods Sold,C,BAKERY ,17115.00
"Q2, 26",Sales,C,DELI ,17268.00
"Q2, 25",Cost of Goods Sold,C,MEAT ,17352.00
"Q1, 25",Cost of Goods Sold,C,BAKERY ,17717.00
"Q2, 25",Cost of Goods Sold,C,DELI ,17979.00
"Q1, 26",Cost of Goods Sold,C,BAKERY ,18192.00
"Q2, 25",Sales,C,DELI ,18369.00
"Q1, 26",Cost of Goods Sold,C,DELI ,18474.00
"Q3, 25",Cost of Goods Sold,C,BAKERY ,18478.00
"Q3, 25",Cost of Goods Sold,C,DELI ,18735.00
"Q4, 24",Cost of Goods Sold,C,BAKERY ,18947.00
"Q1, 25",Cost of Goods Sold,C,DELI ,19022.00
"Q1, 25",Sales,C,DELI ,19204.00
"Q1, 26",Sales,C,DELI ,19257.00
"Q4, 25",Sales,C,DELI ,19407.00
"Q2, 25",Cost of Goods Sold,C,BAKERY ,20373.00
"Q3, 25",Sales,C,DELI ,20750.00
"Q4, 24",Sales,C,BAKERY ,23066.00
"Q1, 24",Wages,C,MEAT ,24488.00
"Q4, 25",Cost of Goods Sold,C,BAKERY ,25380.00
"Q3, 25",Sales,C,BAKERY ,26480.00
"Q1, 26",Sales,C,BAKERY ,27027.00
"Q4, 24",Wages,C,MEAT ,27047.00
"Q3, 24",Wages,C,MEAT ,27246.00
"Q1, 25",Sales,C,BAKERY ,27311.00
"Q2, 26",Sales,C,BAKERY ,27477.00
"Q1, 25",Wages,C,MEAT ,27666.00
"Q4, 25",Wages,C,MEAT ,27709.00
"Q3, 25",Wages,C,MEAT ,27917.00
"Q2, 24",Wages,C,MEAT ,28243.00
"Q2, 25",Wages,C,MEAT ,28413.00
"Q2, 25",Sales,C,BAKERY ,28580.00
"Q2, 26",Wages,C,MEAT ,29033.00
"Q2, 25",Cost of Goods Sold,C,Grocery,29365.00
"Q1, 26",Wages,C,MEAT ,29441.00
"Q4, 25",Sales,C,BAKERY ,29549.00
"Q4, 25",Cost of Goods Sold,C,TOBACCO ,30649.00
"Q1, 26",Cost of Goods Sold,C,TOBACCO ,30940.00
"Q1, 26",Cost of Goods Sold,C,MEAT ,31140.00
"Q4, 25",Sales,C,TOBACCO ,32117.00
"Q3, 25",Cost of Goods Sold,C,Grocery,32560.00
"Q2, 26",Cost of Goods Sold,C,TOBACCO ,33529.00
"Q1, 26",Sales,C,TOBACCO ,33845.00
"Q3, 25",Cost of Goods Sold,C,TOBACCO ,35607.00
"Q2, 26",Sales,C,TOBACCO ,35652.00
"Q1, 25",Cost of Goods Sold,C,MEAT ,36694.00
"Q1, 25",Cost of Goods Sold,C,TOBACCO ,36897.00
"Q3, 25",Sales,C,TOBACCO ,37100.00
"Q2, 25",Cost of Goods Sold,C,TOBACCO ,38803.00
"Q2, 25",Sales,C,TOBACCO ,43119.00
"Q3, 24",Cost of Goods Sold,C,TOBACCO ,43593.00
"Q4, 24",Cost of Goods Sold,C,TOBACCO ,43658.00
"Q1, 25",Sales,C,TOBACCO ,45678.00
"Q4, 24",Sales,C,TOBACCO ,45881.00
"Q3, 24",Sales,C,TOBACCO ,50531.00
"Q2, 24",Sales,C,TOBACCO ,51449.00
"Q2, 24",Cost of Goods Sold,C,TOBACCO ,51892.00
"Q1, 24",Cost of Goods Sold,C,TOBACCO ,52158.00
"Q1, 24",Cost of Goods Sold,C,PRODUCE ,52836.00
"Q1, 24",Sales,C,TOBACCO ,54073.00
"Q1, 26",Cost of Goods Sold,C,Grocery,54413.00
"Q1, 25",Cost of Goods Sold,C,Grocery,63534.00
"Q3, 24",Cost of Goods Sold,C,Grocery,65112.00
"Q2, 24",Cost of Goods Sold,C,Grocery,65440.00
"Q3, 24",Wages,C,Grocery,71521.00
"Q4, 25",Wages,C,Grocery,73154.00
"Q4, 24",Wages,C,Grocery,74242.00
"Q2, 25",Wages,C,Grocery,77593.00
"Q1, 25",Wages,C,Grocery,78836.00
"Q3, 25",Wages,C,Grocery,79124.00
"Q1, 26",Wages,C,Grocery,79620.00
"Q2, 26",Wages,C,Grocery,79756.00
"Q4, 25",Cost of Goods Sold,C,PRODUCE ,82878.00
"Q1, 24",Cost of Goods Sold,C,MEAT ,84461.00
"Q2, 24",Wages,C,Grocery,85144.00
"Q1, 25",Cost of Goods Sold,C,PRODUCE ,86921.00
"Q1, 24",Cost of Goods Sold,C,PRODUCE ,87366.00
"Q1, 26",Cost of Goods Sold,C,PRODUCE ,88977.00
"Q1, 24",Wages,C,Grocery,88995.00
"Q4, 24",Cost of Goods Sold,C,PRODUCE ,90897.00
"Q2, 25",Cost of Goods Sold,C,PRODUCE ,91808.00
"Q3, 24",Cost of Goods Sold,C,PRODUCE ,91917.00
"Q3, 25",Cost of Goods Sold,C,PRODUCE ,94994.00
"Q2, 24",Cost of Goods Sold,C,PRODUCE ,98769.00
"Q2, 26",Cost of Goods Sold,C,PRODUCE ,109699.00
"Q4, 25",Sales,C,PRODUCE ,114983.00
"Q4, 24",Sales,C,PRODUCE ,124364.00
"Q1, 25",Sales,C,PRODUCE ,127453.00
"Q1, 26",Sales,C,PRODUCE ,128826.00
"Q3, 25",Sales,C,PRODUCE ,137121.00
"Q2, 25",Sales,C,PRODUCE ,138863.00
"Q1, 24",Sales,C,PRODUCE ,138985.00
"Q3, 24",Sales,C,PRODUCE ,139125.00
"Q2, 24",Sales,C,PRODUCE ,147767.00
"Q2, 26",Sales,C,PRODUCE ,150075.00
"Q1, 25",Cost of Goods Sold,C,MEAT ,279550.00
"Q1, 24",Cost of Goods Sold,C,MEAT ,280606.00
"Q4, 24",Cost of Goods Sold,C,MEAT ,285880.00
"Q3, 24",Cost of Goods Sold,C,MEAT ,287843.00
"Q3, 25",Cost of Goods Sold,C,MEAT ,289120.00
"Q2, 24",Cost of Goods Sold,C,MEAT ,290940.00
"Q2, 25",Cost of Goods Sold,C,MEAT ,292363.00
"Q1, 26",Cost of Goods Sold,C,MEAT ,295202.00
"Q4, 25",Cost of Goods Sold,C,MEAT ,296550.00
"Q2, 26",Cost of Goods Sold,C,MEAT ,297915.00
"Q1, 24",Cost of Goods Sold,C,Grocery,358736.00
"Q3, 24",Sales,C,MEAT ,368676.00
"Q1, 24",Sales,C,MEAT ,371534.00
"Q4, 24",Sales,C,MEAT ,379334.00
"Q1, 25",Sales,C,MEAT ,380205.00
"Q2, 24",Sales,C,MEAT ,381576.00
"Q3, 25",Sales,C,MEAT ,386678.00
"Q4, 25",Sales,C,MEAT ,389071.00
"Q2, 25",Sales,C,MEAT ,393747.00
"Q1, 26",Sales,C,MEAT ,394582.00
"Q2, 26",Sales,C,MEAT ,395887.00
"Q1, 26",Cost of Goods Sold,C,Grocery,563709.00
"Q3, 25",Cost of Goods Sold,C,Grocery,589587.00
"Q2, 26",Cost of Goods Sold,C,Grocery,593927.00
"Q2, 25",Cost of Goods Sold,C,Grocery,595588.00
"Q3, 24",Cost of Goods Sold,C,Grocery,603656.00
"Q1, 25",Cost of Goods Sold,C,Grocery,604253.00
"Q2, 24",Cost of Goods Sold,C,Grocery,629762.00
"Q1, 24",Cost of Goods Sold,C,Grocery,635670.00
"Q4, 25",Cost of Goods Sold,C,Grocery,664905.00
"Q4, 24",Cost of Goods Sold,C,Grocery,693826.00
"Q2, 26",Sales,C,Grocery,740151.00
"Q3, 25",Sales,C,Grocery,767705.00
"Q1, 26",Sales,C,Grocery,768050.00
"Q2, 25",Sales,C,Grocery,768748.00
"Q4, 25",Sales,C,Grocery,803120.00
"Q1, 25",Sales,C,Grocery,819849.00
"Q3, 24",Sales,C,Grocery,832490.00
"Q4, 24",Sales,C,Grocery,835666.00
"Q2, 24",Sales,C,Grocery,848447.00
"Q1, 24",Sales,C,Grocery,873446.00
"Q1, 24",Cost of Goods Sold,E,Grocery,-66012.00
"Q2, 24",Cost of Goods Sold,E,Grocery,-23185.00
"Q3, 24",Cost of Goods Sold,E,MEAT ,-21810.00
"Q1, 26",Cost of Goods Sold,E,Grocery,-20813.00
"Q3, 25",Cost of Goods Sold,E,MEAT ,-19615.00
"Q3, 24",Cost of Goods Sold,E,Grocery,-18497.00
"Q4, 25",Cost of Goods Sold,E,Grocery,-18107.00
"Q4, 24",Cost of Goods Sold,E,Grocery,-16393.00
"Q1, 25",Cost of Goods Sold,E,Grocery,-13860.00
"Q4, 24",Cost of Goods Sold,E,Grocery,-13032.00
"Q3, 25",Cost of Goods Sold,E,Grocery,-13007.00
"Q2, 25",Cost of Goods Sold,E,Grocery,-12786.00
"Q4, 25",Cost of Goods Sold,E,MEAT ,-12559.00
"Q3, 24",Cost of Goods Sold,E,Grocery,-12546.00
"Q1, 26",Cost of Goods Sold,E,Grocery,-11661.00
"Q4, 24",Cost of Goods Sold,E,MEAT ,-10644.00
"Q1, 24",Cost of Goods Sold,E,Grocery,-10412.00
"Q4, 24",Cost of Goods Sold,E,Grocery,-10243.00
"Q2, 24",Cost of Goods Sold,E,MEAT ,-10177.00
"Q2, 24",Cost of Goods Sold,E,Grocery,-10158.00
"Q2, 26",Cost of Goods Sold,E,Grocery,-9464.00
"Q3, 25",Cost of Goods Sold,E,Grocery,-8699.00
"Q2, 26",Cost of Goods Sold,E,Grocery,-8678.00
"Q4, 25",Cost of Goods Sold,E,Grocery,-8599.00
"Q1, 25",Cost of Goods Sold,E,MEAT ,-8183.00
"Q1, 24",Cost of Goods Sold,E,Grocery,-7783.00
"Q2, 26",Cost of Goods Sold,E,MEAT ,-7390.00
"Q2, 25",Cost of Goods Sold,E,MEAT ,-6554.00
"Q1, 24",Cost of Goods Sold,E,MEAT ,-6332.00
"Q1, 25",Cost of Goods Sold,E,Grocery,-5932.00
"Q2, 24",Cost of Goods Sold,E,Grocery,-5931.00
"Q2, 26",Cost of Goods Sold,E,Grocery,-5885.00
"Q1, 26",Cost of Goods Sold,E,Grocery,-5707.00
"Q3, 24",Cost of Goods Sold,E,MEAT ,-5482.00
"Q3, 24",Cost of Goods Sold,E,Grocery,-5302.00
"Q4, 25",Cost of Goods Sold,E,MEAT ,-4864.00
"Q1, 24",Cost of Goods Sold,E,MEAT ,-4861.00
"Q2, 25",Cost of Goods Sold,E,Grocery,-4748.00
"Q2, 26",Cost of Goods Sold,E,Grocery,-4706.00
"Q3, 25",Cost of Goods Sold,E,Grocery,-4641.00
"Q1, 25",Cost of Goods Sold,E,Grocery,-4316.00
"Q4, 24",Cost of Goods Sold,E,MEAT ,-3981.00
"Q3, 25",Cost of Goods Sold,E,MEAT ,-3906.00
"Q2, 26",Cost of Goods Sold,E,MEAT ,-3771.00
"Q2, 24",Cost of Goods Sold,E,HBA ,-3768.00
"Q1, 25",Cost of Goods Sold,E,MEAT ,-3517.00
"Q4, 24",Cost of Goods Sold,E,HBA ,-3437.00
"Q3, 24",Cost of Goods Sold,E,Grocery,-3408.00
"Q1, 26",Cost of Goods Sold,E,MEAT ,-3314.00
"Q2, 25",Cost of Goods Sold,E,MEAT ,-3288.00
"Q4, 24",Cost of Goods Sold,E,MEAT ,-3226.00
"Q3, 24",Cost of Goods Sold,E,MEAT ,-3211.00
"Q3, 25",Cost of Goods Sold,E,PRODUCE ,-3145.00
"Q2, 24",Cost of Goods Sold,E,MEAT ,-3098.00
"Q1, 25",Cost of Goods Sold,E,MEAT ,-3037.00
"Q2, 25",Cost of Goods Sold,E,MEAT ,-3024.00
"Q1, 26",Cost of Goods Sold,E,BAKERY ,-3004.00
"Q4, 25",Cost of Goods Sold,E,Grocery,-2933.00
"Q1, 25",Cost of Goods Sold,E,PRODUCE ,-2930.00
"Q2, 24",Cost of Goods Sold,E,PRODUCE ,-2808.00
"Q4, 25",Cost of Goods Sold,E,MEAT ,-2749.00
"Q2, 24",Cost of Goods Sold,E,MEAT ,-2680.00
"Q2, 25",Cost of Goods Sold,E,PRODUCE ,-2679.00
"Q4, 25",Cost of Goods Sold,E,BAKERY ,-2577.00
"Q1, 26",Cost of Goods Sold,E,PRODUCE ,-2577.00
"Q2, 25",Cost of Goods Sold,E,Grocery,-2432.00
"Q2, 26",Cost of Goods Sold,E,DELI ,-2398.00
"Q1, 26",Cost of Goods Sold,E,MEAT ,-2379.00
"Q3, 25",Cost of Goods Sold,E,BAKERY ,-2303.00
"Q4, 25",Cost of Goods Sold,E,PRODUCE ,-2288.00
"Q1, 25",Cost of Goods Sold,E,BAKERY ,-2244.00
"Q1, 24",Cost of Goods Sold,E,MEAT ,-2169.00
"Q4, 24",Cost of Goods Sold,E,BAKERY ,-2137.00
"Q2, 26",Cost of Goods Sold,E,MEAT ,-2086.00
"Q2, 26",Cost of Goods Sold,E,BAKERY ,-2032.00
"Q2, 26",Cost of Goods Sold,E,PRODUCE ,-1891.00
"Q1, 24",Cost of Goods Sold,E,HBA ,-1861.00
"Q3, 25",Cost of Goods Sold,E,MEAT ,-1742.00
"Q4, 24",Cost of Goods Sold,E,PRODUCE ,-1730.00
"Q1, 24",Cost of Goods Sold,E,PRODUCE ,-1703.00
"Q1, 26",Cost of Goods Sold,E,MEAT ,-1662.00
"Q3, 24",Cost of Goods Sold,E,HBA ,-1544.00
"Q4, 25",Cost of Goods Sold,E,DELI ,-1411.00
"Q2, 26",Cost of Goods Sold,E,DELI ,-1310.00
"Q4, 24",Cost of Goods Sold,E,DELI ,-1253.00
"Q1, 25",Cost of Goods Sold,E,DELI ,-1220.00
"Q1, 26",Cost of Goods Sold,E,DELI ,-1156.00
"Q1, 24",Cost of Goods Sold,E,MEAT ,-1139.00
"Q1, 26",Cost of Goods Sold,E,MEAT ,-946.00
"Q1, 25",Cost of Goods Sold,E,BAKERY ,-921.00
"Q2, 25",Cost of Goods Sold,E,DELI ,-674.00
"Q4, 25",Cost of Goods Sold,E,BAKERY ,-574.00
"Q4, 24",Cost of Goods Sold,E,HBA ,-492.00
"Q2, 26",Cost of Goods Sold,E,DELI ,-465.00
"Q4, 25",Cost of Goods Sold,E,Grocery,-444.00
"Q2, 25",Cost of Goods Sold,E,Grocery,-425.00
"Q1, 26",Cost of Goods Sold,E,BAKERY ,-408.00
"Q3, 24",Cost of Goods Sold,E,Grocery,-407.00
"Q4, 24",Cost of Goods Sold,E,PURCHASE DISCOUNT,-407.00
"Q1, 25",Cost of Goods Sold,E,BAKERY ,-395.00
"Q2, 26",Cost of Goods Sold,E,MEAT ,-386.00
"Q3, 25",Cost of Goods Sold,E,BAKERY ,-386.00
"Q1, 26",Cost of Goods Sold,E,PRODUCE ,-369.00
"Q3, 25",Cost of Goods Sold,E,Grocery,-368.00
"Q1, 25",Cost of Goods Sold,E,PURCHASE DISCOUNT,-361.00
"Q2, 24",Cost of Goods Sold,E,Grocery,-358.00
"Q3, 24",Cost of Goods Sold,E,Dairy,-357.00
"Q4, 25",Cost of Goods Sold,E,PURCHASE DISCOUNT,-352.00
"Q2, 25",Cost of Goods Sold,E,BAKERY ,-343.00
"Q1, 24",Cost of Goods Sold,E,MEAT ,-342.00
"Q4, 24",Cost of Goods Sold,E,Grocery,-341.00
"Q3, 24",Cost of Goods Sold,E,PURCHASE DISCOUNT,-332.00
"Q2, 25",Cost of Goods Sold,E,PURCHASE DISCOUNT,-327.00
"Q3, 25",Cost of Goods Sold,E,PURCHASE DISCOUNT,-326.00
"Q2, 25",Cost of Goods Sold,E,DELI ,-306.00
"Q2, 24",Cost of Goods Sold,E,PURCHASE DISCOUNT,-299.00
"Q2, 26",Cost of Goods Sold,E,BAKERY ,-299.00
"Q2, 26",Cost of Goods Sold,E,PURCHASE DISCOUNT,-288.00
"Q2, 26",Cost of Goods Sold,E,PRODUCE ,-276.00
"Q1, 24",Cost of Goods Sold,E,PURCHASE DISCOUNT,-269.00
"Q1, 26",Cost of Goods Sold,E,PURCHASE DISCOUNT,-261.00
"Q4, 24",Cost of Goods Sold,E,Dairy,-256.00
"Q1, 26",Cost of Goods Sold,E,Grocery,-255.00
"Q3, 25",Cost of Goods Sold,E,DELI ,-255.00
"Q2, 25",Cost of Goods Sold,E,DELI ,-254.00
"Q4, 24",Cost of Goods Sold,E,BAKERY ,-253.00
"Q3, 25",Cost of Goods Sold,E,DELI ,-246.00
"Q1, 24",Cost of Goods Sold,E,Grocery,-244.00
"Q1, 25",Cost of Goods Sold,E,MEAT ,-241.00
"Q4, 25",Cost of Goods Sold,E,DELI ,-239.00
"Q2, 25",Cost of Goods Sold,E,MEAT ,-234.00
"Q4, 25",Cost of Goods Sold,E,MEAT ,-198.00
"Q3, 25",Cost of Goods Sold,E,DELI ,-193.00
"Q1, 24",Cost of Goods Sold,E,Dairy,-177.00
"Q1, 26",Cost of Goods Sold,E,DELI ,-157.00
"Q1, 25",Cost of Goods Sold,E,DELI ,-155.00
"Q2, 24",Cost of Goods Sold,E,Dairy,-144.00
"Q1, 26",Cost of Goods Sold,E,PRODUCE ,-140.00
"Q3, 24",Cost of Goods Sold,E,MEAT ,-137.00
"Q3, 25",Cost of Goods Sold,E,DELI ,-127.00
"Q4, 24",Cost of Goods Sold,E,PRODUCE ,-110.00
"Q2, 25",Cost of Goods Sold,E,PRODUCE ,-107.00
"Q2, 26",Cost of Goods Sold,E,Grocery,-106.00
"Q2, 25",Cost of Goods Sold,E,BAKERY ,-104.00
"Q1, 25",Cost of Goods Sold,E,HBA ,-101.00
"Q4, 25",Cost of Goods Sold,E,HBA ,-98.00
"Q1, 26",Cost of Goods Sold,E,BAKERY ,-95.00
"Q2, 24",Cost of Goods Sold,E,PRODUCE ,-76.00
"Q2, 26",Cost of Goods Sold,E,HBA ,-74.00
"Q1, 25",Cost of Goods Sold,E,BAKERY ,-71.00
"Q4, 25",Cost of Goods Sold,E,DELI ,-68.00
"Q4, 24",Cost of Goods Sold,E,DELI ,-64.00
"Q1, 24",Cost of Goods Sold,E,PRODUCE ,-59.00
"Q3, 24",Cost of Goods Sold,E,PRODUCE ,-58.00
"Q4, 24",Cost of Goods Sold,E,HBA ,-51.00
"Q1, 24",Cost of Goods Sold,E,HBA ,-48.00
"Q3, 24",Cost of Goods Sold,E,HBA ,-47.00
"Q3, 25",Cost of Goods Sold,E,BAKERY ,-45.00
"Q1, 26",Cost of Goods Sold,E,DELI ,-43.00
"Q2, 24",Cost of Goods Sold,E,HBA ,-41.00
"Q1, 25",Cost of Goods Sold,E,PRODUCE ,-39.00
"Q1, 25",Cost of Goods Sold,E,HBA ,-36.00
"Q3, 25",Cost of Goods Sold,E,MEAT ,-31.00
"Q4, 24",Cost of Goods Sold,E,DELI ,-31.00
"Q4, 24",Cost of Goods Sold,E,BAKERY ,-29.00
"Q3, 24",Cost of Goods Sold,E,HBA ,-28.00
"Q1, 26",Cost of Goods Sold,E,HBA ,-22.00
"Q4, 25",Cost of Goods Sold,E,PRODUCE ,-20.00
"Q3, 25",Cost of Goods Sold,E,PRODUCE ,-18.00
"Q2, 25",Cost of Goods Sold,E,Dairy,-16.00
"Q3, 25",Cost of Goods Sold,E,PRODUCE ,-15.00
"Q2, 26",Cost of Goods Sold,E,BAKERY ,-14.00
"Q1, 25",Cost of Goods Sold,E,DELI ,-13.00
"Q2, 24",Cost of Goods Sold,E,Frozen,-10.00
"Q3, 25",Cost of Goods Sold,E,HBA ,-10.00
"Q1, 25",Cost of Goods Sold,E,PRODUCE ,-9.00
"Q2, 26",Cost of Goods Sold,E,DELI ,-7.00
"Q2, 25",Cost of Goods Sold,E,HBA ,-6.00
"Q1, 24",Cost of Goods Sold,E,HBA ,-4.00
"Q2, 25",Cost of Goods Sold,E,PRODUCE ,-3.00
"Q2, 26",Cost of Goods Sold,E,PRODUCE ,-3.00
"Q1, 25",Cost of Goods Sold,E,HBA ,-2.00
"Q4, 25",Cost of Goods Sold,E,PRODUCE ,-2.00
"Q4, 25",Cost of Goods Sold,E,BAKERY ,-2.00
"Q2, 24",Cost of Goods Sold,E,HBA ,-1.00
"Q2, 24",Cost of Goods Sold,E,MEAT ,0.00
"Q4, 24",Cost of Goods Sold,E,MEAT ,0.00
"Q2, 25",Cost of Goods Sold,E,HBA ,0.00
"Q3, 25",Cost of Goods Sold,E,HBA ,0.00
"Q4, 25",Cost of Goods Sold,E,HBA ,0.00
"Q2, 24",Cost of Goods Sold,E,TOBACCO ,0.00
"Q3, 24",Cost of Goods Sold,E,TOBACCO ,0.00
"Q1, 25",Cost of Goods Sold,E,TOBACCO ,0.00
"Q3, 25",Cost of Goods Sold,E,TOBACCO ,0.00
"Q2, 26",Cost of Goods Sold,E,TOBACCO ,0.00
"Q3, 25",Cost of Goods Sold,E,Dairy,0.00
"Q1, 26",Cost of Goods Sold,E,Dairy,0.00
"Q2, 26",Cost of Goods Sold,E,Dairy,0.00
"Q3, 24",Cost of Goods Sold,E,Frozen,0.00
"Q4, 24",Cost of Goods Sold,E,Frozen,0.00
"Q3, 25",Cost of Goods Sold,E,HBA ,0.00
"Q4, 25",Cost of Goods Sold,E,HBA ,0.00
"Q2, 25",Cost of Goods Sold,E,HBA ,0.00
"Q3, 25",Cost of Goods Sold,E,HBA ,0.00
"Q4, 25",Cost of Goods Sold,E,HBA ,0.00
"Q2, 24",Supplies,E,MEAT ,0.00
"Q2, 24",Supplies,E,PRODUCE ,0.00
"Q3, 24",Supplies,E,PRODUCE ,0.00
"Q4, 24",Supplies,E,PRODUCE ,0.00
"Q2, 25",Supplies,E,PRODUCE ,0.00
"Q2, 26",Wages,E,Grocery,0.00
"Q2, 24",Wages,E,Store Mgr Pay,0.00
"Q3, 24",Wages,E,Store Mgr Pay,0.00
"Q4, 24",Wages,E,Store Mgr Pay,0.00
"Q2, 26",Wages,E,Store Mgr Pay,0.00
"Q2, 24",Wages,E,Grocery,0.00
"Q3, 24",Wages,E,Grocery,0.00
"Q2, 24",Wages,E,MEAT ,0.00
"Q3, 24",Wages,E,MEAT ,0.00
"Q2, 24",Wages,E,Store Mgr Pay,0.00
"Q3, 24",Wages,E,Store Mgr Pay,0.00
"Q3, 24",Wages,E,Grocery,0.00
"Q4, 24",Wages,E,Grocery,0.00
"Q4, 24",Wages,E,PRODUCE ,0.00
"Q4, 25",Cost of Goods Sold,E,Dairy,16.00
"Q4, 25",Wages,E,Grocery,27.00
"Q4, 24",Sales,E,FLORAL ,35.00
"Q1, 24",Supplies,E,PRODUCE ,35.00
"Q1, 25",Supplies,E,PRODUCE ,42.00
"Q4, 24",Wages,E,Grocery,47.00
"Q1, 24",Wages,E,Store Mgr Pay,61.00
"Q4, 25",Sales,E,FLORAL ,66.00
"Q4, 24",Wages,E,PRODUCE ,80.00
"Q1, 24",Wages,E,MEAT ,88.00
"Q4, 25",Wages,E,PRODUCE ,96.00
"Q1, 24",Wages,E,Grocery,131.00
"Q2, 25",Cost of Goods Sold,E,BAKERY ,135.00
"Q4, 25",Wages,E,MEAT ,152.00
"Q4, 25",Supplies,E,PRODUCE ,160.00
"Q4, 25",Wages,E,Store Mgr Pay,162.00
"Q4, 24",Wages,E,PRODUCE ,171.00
"Q2, 26",Supplies,E,PRODUCE ,200.00
"Q3, 25",Sales,E,FLORAL ,230.00
"Q2, 25",Wages,E,PRODUCE ,235.00
"Q3, 24",Wages,E,PRODUCE ,239.00
"Q3, 25",Supplies,E,PRODUCE ,252.00
"Q2, 26",Wages,E,MEAT ,261.00
"Q2, 26",Wages,E,Store Mgr Pay,268.00
"Q4, 24",Wages,E,MEAT ,288.00
"Q1, 26",Wages,E,PRODUCE ,295.00
"Q4, 25",Wages,E,MEAT ,308.00
"Q3, 25",Supplies,E,MEAT ,314.00
"Q3, 25",Wages,E,PRODUCE ,318.00
"Q4, 24",Wages,E,Store Mgr Pay,323.00
"Q1, 26",Wages,E,Store Mgr Pay,327.00
"Q1, 25",Supplies,E,MEAT ,347.00
"Q2, 26",Cost of Goods Sold,E,BAKERY ,375.00
"Q4, 24",Cost of Goods Sold,E,DELI ,380.00
"Q4, 25",Wages,E,PRODUCE ,382.00
"Q4, 24",Cost of Goods Sold,E,DELI ,410.00
"Q4, 25",Wages,E,Grocery,428.00
"Q1, 24",Wages,E,Grocery,462.00
"Q3, 25",Cost of Goods Sold,E,HBA ,475.00
"Q2, 26",Wages,E,Grocery,482.00
"Q4, 24",Cost of Goods Sold,E,PRODUCE ,497.00
"Q4, 24",Supplies,E,MEAT ,497.00
"Q3, 24",Wages,E,PRODUCE ,525.00
"Q2, 24",Wages,E,Grocery,536.00
"Q2, 26",Wages,E,PRODUCE ,537.00
"Q4, 24",Wages,E,Grocery,588.00
"Q4, 24",Wages,E,Store Mgr Pay,605.00
"Q1, 26",Wages,E,Grocery,618.00
"Q2, 25",Wages,E,MEAT ,620.00
"Q2, 25",Cost of Goods Sold,E,PRODUCE ,655.00
"Q2, 26",Wages,E,MEAT ,670.00
"Q2, 24",Cost of Goods Sold,E,HBA ,679.00
"Q1, 25",Wages,E,Store Mgr Pay,734.00
"Q1, 26",Wages,E,MEAT ,749.00
"Q1, 26",Supplies,E,Grocery,752.00
"Q1, 26",Cost of Goods Sold,E,DELI ,775.00
"Q2, 26",Supplies,E,Grocery,833.00
"Q2, 25",Supplies,E,MEAT ,850.00
"Q3, 24",Wages,E,Grocery,857.00
"Q1, 25",Sales,E,FLORAL ,934.00
"Q2, 24",Wages,E,Grocery,942.00
"Q3, 24",Cost of Goods Sold,E,PRODUCE ,969.00
"Q2, 25",Cost of Goods Sold,E,DELI ,982.00
"Q1, 25",Wages,E,MEAT ,1003.00
"Q2, 25",Cost of Goods Sold,E,BAKERY ,1006.00
"Q3, 25",Wages,E,MEAT ,1009.00
"Q1, 25",Supplies,E,Grocery,1086.00
"Q3, 24",Supplies,E,MEAT ,1090.00
"Q1, 24",Wages,E,Store Mgr Pay,1117.00
"Q1, 25",Cost of Goods Sold,E,HBA ,1147.00
"Q1, 25",Wages,E,MEAT ,1175.00
"Q4, 25",Supplies,E,MEAT ,1223.00
"Q1, 26",Cost of Goods Sold,E,BAKERY ,1239.00
"Q4, 24",Cost of Goods Sold,E,HBA ,1275.00
"Q3, 25",Wages,E,MEAT ,1279.00
"Q3, 25",Cost of Goods Sold,E,BAKERY ,1325.00
"Q4, 25",Wages,E,MEAT ,1344.00
"Q1, 26",Wages,E,MEAT ,1351.00
"Q2, 26",Supplies,E,MEAT ,1397.00
"Q3, 24",Wages,E,MEAT ,1401.00
"Q2, 26",Sales,E,FLORAL ,1410.00
"Q1, 25",Cost of Goods Sold,E,DELI ,1433.00
"Q2, 25",Supplies,E,Grocery,1470.00
"Q1, 24",Wages,E,MEAT ,1483.00
"Q4, 25",Supplies,E,Grocery,1537.00
"Q2, 25",Wages,E,MEAT ,1552.00
"Q2, 25",Cost of Goods Sold,E,HBA ,1567.00
"Q1, 24",Cost of Goods Sold,E,HBA ,1579.00
"Q1, 26",Sales,E,FLORAL ,1624.00
"Q4, 25",Cost of Goods Sold,E,DELI ,1678.00
"Q3, 24",Cost of Goods Sold,E,PRODUCE ,1746.00
"Q4, 24",Wages,E,MEAT ,1766.00
"Q3, 25",Supplies,E,Grocery,1824.00
"Q4, 24",Wages,E,MEAT ,1842.00
"Q4, 24",Sales,E,DELI ,1857.00
"Q1, 24",Wages,E,MEAT ,1866.00
"Q2, 25",Cost of Goods Sold,E,HBA ,1868.00
"Q4, 24",Cost of Goods Sold,E,BAKERY ,1895.00
"Q1, 26",Supplies,E,MEAT ,1906.00
"Q2, 24",Wages,E,MEAT ,1933.00
"Q2, 24",Cost of Goods Sold,E,PRODUCE ,1981.00
"Q1, 26",Wages,E,Store Mgr Pay,2027.00
"Q1, 24",Cost of Goods Sold,E,PRODUCE ,2107.00
"Q3, 24",Supplies,E,Grocery,2172.00
"Q3, 25",Wages,E,Store Mgr Pay,2172.00
"Q4, 25",Wages,E,Store Mgr Pay,2205.00
"Q1, 24",Supplies,E,MEAT ,2238.00
"Q1, 26",Cost of Goods Sold,E,HBA ,2258.00
"Q3, 24",Wages,E,MEAT ,2282.00
"Q1, 24",Supplies,E,Grocery,2358.00
"Q4, 25",Cost of Goods Sold,E,BAKERY ,2399.00
"Q2, 24",Wages,E,Store Mgr Pay,2416.00
"Q2, 24",Wages,E,MEAT ,2431.00
"Q2, 26",Sales,E,HBA ,2432.00
"Q1, 24",Wages,E,Store Mgr Pay,2460.00
"Q4, 24",Wages,E,PRODUCE ,2485.00
"Q2, 26",Cost of Goods Sold,E,HBA ,2601.00
"Q2, 25",Sales,E,FLORAL ,2674.00
"Q3, 24",Wages,E,Store Mgr Pay,2795.00
"Q1, 26",Sales,E,HBA ,2860.00
"Q2, 26",Cost of Goods Sold,E,PRODUCE ,2863.00
"Q1, 25",Cost of Goods Sold,E,DELI ,2879.00
"Q4, 25",Cost of Goods Sold,E,PRODUCE ,2942.00
"Q4, 25",Sales,E,HBA ,2959.00
"Q2, 25",Wages,E,Store Mgr Pay,2986.00
"Q4, 24",Supplies,E,Grocery,2996.00
"Q2, 24",Cost of Goods Sold,E,HBA ,3051.00
"Q1, 25",Cost of Goods Sold,E,HBA ,3091.00
"Q4, 24",Cost of Goods Sold,E,HBA ,3211.00
"Q3, 25",Cost of Goods Sold,E,PRODUCE ,3520.00
"Q1, 25",Sales,E,DELI ,3532.00
"Q3, 25",Sales,E,HBA ,3611.00
"Q1, 25",Wages,E,PRODUCE ,3655.00
"Q4, 25",Cost of Goods Sold,E,HBA ,3927.00
"Q3, 25",Cost of Goods Sold,E,DELI ,4076.00
"Q2, 25",Wages,E,PRODUCE ,4130.00
"Q1, 24",Sales,E,HBA ,4370.00
"Q3, 24",Sales,E,HBA ,4375.00
"Q1, 26",Cost of Goods Sold,E,MEAT ,4482.00
"Q2, 25",Sales,E,HBA ,4603.00
"Q1, 26",Wages,E,PRODUCE ,4619.00
"Q3, 25",Wages,E,PRODUCE ,4711.00
"Q4, 25",Cost of Goods Sold,E,DELI ,4714.00
"Q2, 25",Cost of Goods Sold,E,DELI ,4775.00
"Q1, 24",Cost of Goods Sold,E,HBA ,4815.00
"Q3, 24",Cost of Goods Sold,E,HBA ,4900.00
"Q4, 25",Sales,E,DELI ,4913.00
"Q2, 24",Sales,E,HBA ,4918.00
"Q3, 24",Wages,E,PRODUCE ,5008.00
"Q2, 25",Cost of Goods Sold,E,MEAT ,5010.00
"Q1, 25",Cost of Goods Sold,E,PRODUCE ,5074.00
"Q4, 25",Wages,E,PRODUCE ,5129.00
"Q2, 26",Wages,E,PRODUCE ,5147.00
"Q1, 26",Cost of Goods Sold,E,DELI ,5224.00
"Q1, 25",Sales,E,HBA ,5254.00
"Q4, 24",Sales,E,HBA ,5257.00
"Q2, 24",Supplies,E,Grocery,5390.00
"Q3, 25",Sales,E,DELI ,5545.00
"Q1, 25",Cost of Goods Sold,E,MEAT ,5762.00
"Q2, 25",Sales,E,DELI ,5805.00
"Q2, 25",Cost of Goods Sold,E,BAKERY ,5862.00
"Q1, 26",Sales,E,DELI ,6341.00
"Q1, 24",Wages,E,Store Mgr Pay,7020.00
"Q1, 26",Wages,E,Store Mgr Pay,7484.00
"Q2, 26",Cost of Goods Sold,E,BAKERY ,7545.00
"Q3, 25",Cost of Goods Sold,E,BAKERY ,7617.00
"Q1, 25",Cost of Goods Sold,E,Grocery,7622.00
"Q4, 24",Cost of Goods Sold,E,BAKERY ,7717.00
"Q4, 24",Sales,E,BAKERY ,7767.00
"Q4, 25",Wages,E,Store Mgr Pay,7814.00
"Q3, 25",Sales,E,BAKERY ,8138.00
"Q4, 25",Cost of Goods Sold,E,Grocery,8614.00
"Q2, 26",Sales,E,BAKERY ,8666.00
"Q2, 26",Sales,E,DELI ,8690.00
"Q2, 24",Cost of Goods Sold,E,MEAT ,8875.00
"Q1, 26",Cost of Goods Sold,E,BAKERY ,8996.00
"Q2, 26",Cost of Goods Sold,E,DELI ,9015.00
"Q3, 24",Cost of Goods Sold,E,MEAT ,9056.00
"Q1, 26",Sales,E,BAKERY ,9148.00
"Q2, 25",Sales,E,BAKERY ,9251.00
"Q1, 25",Cost of Goods Sold,E,BAKERY ,9304.00
"Q2, 25",Wages,E,Store Mgr Pay,9369.00
"Q4, 24",Cost of Goods Sold,E,Grocery,9371.00
"Q3, 24",Wages,E,Store Mgr Pay,9591.00
"Q2, 26",Wages,E,Store Mgr Pay,9660.00
"Q1, 24",Wages,E,MEAT ,9929.00
"Q2, 26",Cost of Goods Sold,E,MEAT ,9971.00
"Q4, 25",Cost of Goods Sold,E,BAKERY ,10034.00
"Q4, 24",Wages,E,Store Mgr Pay,10062.00
"Q2, 24",Cost of Goods Sold,E,Grocery,10470.00
"Q1, 25",Wages,E,MEAT ,10492.00
"Q1, 25",Wages,E,Store Mgr Pay,10500.00
"Q3, 25",Wages,E,Store Mgr Pay,10500.00
"Q2, 24",Wages,E,Store Mgr Pay,10588.00
"Q2, 25",Wages,E,MEAT ,10801.00
"Q4, 25",Wages,E,MEAT ,10965.00
"Q1, 25",Sales,E,BAKERY ,10989.00
"Q2, 26",Wages,E,MEAT ,11053.00
"Q1, 26",Wages,E,MEAT ,11056.00
"Q3, 24",Wages,E,MEAT ,11278.00
"Q4, 24",Wages,E,MEAT ,11330.00
"Q4, 25",Sales,E,BAKERY ,11468.00
"Q2, 24",Wages,E,MEAT ,11563.00
"Q3, 25",Wages,E,MEAT ,11602.00
"Q4, 25",Cost of Goods Sold,E,MEAT ,14261.00
"Q1, 26",Cost of Goods Sold,E,Grocery,15686.00
"Q3, 24",Cost of Goods Sold,E,HBA ,17921.00
"Q2, 25",Cost of Goods Sold,E,Grocery,18018.00
"Q3, 25",Cost of Goods Sold,E,MEAT ,18841.00
"Q4, 24",Cost of Goods Sold,E,MEAT ,21615.00
"Q1, 25",Cost of Goods Sold,E,PRODUCE ,24686.00
"Q1, 24",Cost of Goods Sold,E,PRODUCE ,26508.00
"Q3, 25",Cost of Goods Sold,E,Grocery,27332.00
"Q2, 26",Wages,E,Grocery,28146.00
"Q4, 25",Cost of Goods Sold,E,PRODUCE ,28177.00
"Q4, 24",Cost of Goods Sold,E,PRODUCE ,28818.00
"Q2, 25",Cost of Goods Sold,E,PRODUCE ,30154.00
"Q4, 25",Wages,E,Grocery,30556.00
"Q2, 25",Wages,E,Grocery,30557.00
"Q1, 25",Wages,E,Grocery,30587.00
"Q3, 25",Wages,E,Grocery,30871.00
"Q3, 24",Cost of Goods Sold,E,PRODUCE ,30880.00
"Q1, 26",Wages,E,Grocery,31285.00
"Q3, 24",Wages,E,Grocery,31501.00
"Q1, 26",Cost of Goods Sold,E,PRODUCE ,32345.00
"Q2, 24",Cost of Goods Sold,E,PRODUCE ,33399.00
"Q3, 25",Cost of Goods Sold,E,PRODUCE ,33983.00
"Q2, 24",Wages,E,Grocery,35754.00
"Q1, 24",Wages,E,Grocery,36310.00
"Q4, 24",Wages,E,Grocery,36356.00
"Q2, 26",Cost of Goods Sold,E,PRODUCE ,36715.00
"Q4, 25",Sales,E,PRODUCE ,36887.00
"Q1, 25",Sales,E,PRODUCE ,37999.00
"Q4, 24",Sales,E,PRODUCE ,38540.00
"Q2, 25",Sales,E,PRODUCE ,41285.00
"Q1, 25",Cost of Goods Sold,E,Grocery,41750.00
"Q1, 26",Sales,E,PRODUCE ,41752.00
"Q1, 24",Sales,E,PRODUCE ,43438.00
"Q3, 25",Sales,E,PRODUCE ,43914.00
"Q3, 24",Sales,E,PRODUCE ,45416.00
"Q2, 26",Sales,E,PRODUCE ,47942.00
"Q2, 24",Sales,E,PRODUCE ,50434.00
"Q1, 24",Cost of Goods Sold,E,Grocery,82062.00
"Q1, 24",Cost of Goods Sold,E,MEAT ,119461.00
"Q2, 26",Cost of Goods Sold,E,MEAT ,119831.00
"Q1, 26",Cost of Goods Sold,E,MEAT ,121262.00
"Q1, 25",Cost of Goods Sold,E,MEAT ,124181.00
"Q2, 25",Cost of Goods Sold,E,MEAT ,129923.00
"Q2, 24",Cost of Goods Sold,E,MEAT ,134333.00
"Q4, 24",Cost of Goods Sold,E,MEAT ,134646.00
"Q4, 25",Cost of Goods Sold,E,MEAT ,137601.00
"Q3, 25",Cost of Goods Sold,E,MEAT ,142731.00
"Q2, 26",Sales,E,MEAT ,143510.00
"Q3, 24",Cost of Goods Sold,E,MEAT ,145156.00
"Q1, 24",Sales,E,MEAT ,145513.00
"Q1, 26",Sales,E,MEAT ,151492.00
"Q3, 24",Sales,E,MEAT ,154753.00
"Q4, 24",Sales,E,MEAT ,157831.00
"Q2, 25",Sales,E,MEAT ,157869.00
"Q4, 25",Sales,E,MEAT ,158420.00
"Q1, 25",Sales,E,MEAT ,158676.00
"Q3, 25",Sales,E,MEAT ,158699.00
"Q2, 24",Sales,E,MEAT ,159970.00
"Q1, 26",Cost of Goods Sold,E,Grocery,215400.00
"Q3, 25",Cost of Goods Sold,E,Grocery,215970.00
"Q2, 26",Cost of Goods Sold,E,Grocery,217182.00
"Q1, 25",Cost of Goods Sold,E,Grocery,226073.00
"Q2, 25",Cost of Goods Sold,E,Grocery,234341.00
"Q4, 25",Cost of Goods Sold,E,Grocery,240549.00
"Q1, 24",Cost of Goods Sold,E,Grocery,248285.00
"Q2, 26",Sales,E,Grocery,261196.00
"Q2, 24",Cost of Goods Sold,E,Grocery,262168.00
"Q3, 24",Cost of Goods Sold,E,Grocery,272003.00
"Q1, 26",Sales,E,Grocery,284944.00
"Q4, 24",Cost of Goods Sold,E,Grocery,293013.00
"Q4, 25",Sales,E,Grocery,298075.00
"Q3, 25",Sales,E,Grocery,298747.00
"Q2, 25",Sales,E,Grocery,312511.00
"Q1, 25",Sales,E,Grocery,330059.00
"Q2, 24",Sales,E,Grocery,332540.00
"Q3, 24",Sales,E,Grocery,333318.00
"Q1, 24",Sales,E,Grocery,333357.00
"Q4, 24",Sales,E,Grocery,337000.00
"Q1, 24",Cost of Goods Sold,F,Grocery,-67155.00
"Q4, 25",Cost of Goods Sold,F,Grocery,-24243.00
"Q3, 24",Cost of Goods Sold,F,Grocery,-23563.00
"Q2, 24",Cost of Goods Sold,F,Grocery,-20479.00
"Q1, 25",Cost of Goods Sold,F,Grocery,-16723.00
"Q3, 24",Cost of Goods Sold,F,Grocery,-15616.00
"Q4, 24",Cost of Goods Sold,F,Grocery,-15492.00
"Q2, 25",Cost of Goods Sold,F,Grocery,-15189.00
"Q2, 24",Cost of Goods Sold,F,Grocery,-12824.00
"Q1, 24",Cost of Goods Sold,F,PRODUCE ,-12448.00
"Q1, 24",Cost of Goods Sold,F,Grocery,-12316.00
"Q1, 26",Cost of Goods Sold,F,Grocery,-12022.00
"Q1, 24",Cost of Goods Sold,F,MEAT ,-11425.00
"Q4, 24",Cost of Goods Sold,F,Grocery,-10912.00
"Q1, 26",Cost of Goods Sold,F,Grocery,-10663.00
"Q1, 25",Cost of Goods Sold,F,MEAT ,-10384.00
"Q1, 24",Cost of Goods Sold,F,Grocery,-10321.00
"Q4, 24",Cost of Goods Sold,F,Grocery,-9894.00
"Q2, 26",Cost of Goods Sold,F,Grocery,-9262.00
"Q4, 25",Cost of Goods Sold,F,Grocery,-8844.00
"Q3, 25",Cost of Goods Sold,F,Grocery,-8738.00
"Q2, 25",Cost of Goods Sold,F,MEAT ,-7763.00
"Q1, 25",Cost of Goods Sold,F,Grocery,-6785.00
"Q2, 24",Cost of Goods Sold,F,Grocery,-6760.00
"Q1, 26",Cost of Goods Sold,F,Grocery,-6422.00
"Q1, 26",Cost of Goods Sold,F,MEAT ,-6138.00
"Q3, 24",Cost of Goods Sold,F,Grocery,-5930.00
"Q2, 26",Cost of Goods Sold,F,Grocery,-5642.00
"Q1, 24",Cost of Goods Sold,F,MEAT ,-5642.00
"Q3, 25",Cost of Goods Sold,F,DELI ,-5612.00
"Q3, 25",Cost of Goods Sold,F,DELI ,-5609.00
"Q2, 25",Cost of Goods Sold,F,Grocery,-5525.00
"Q2, 26",Cost of Goods Sold,F,PRODUCE ,-5396.00
"Q2, 26",Cost of Goods Sold,F,MEAT ,-5349.00
"Q4, 25",Cost of Goods Sold,F,MEAT ,-5330.00
"Q3, 25",Cost of Goods Sold,F,Grocery,-4966.00
"Q1, 25",Cost of Goods Sold,F,PRODUCE ,-4882.00
"Q3, 24",Cost of Goods Sold,F,MEAT ,-4782.00
"Q4, 25",Cost of Goods Sold,F,Grocery,-4693.00
"Q1, 25",Cost of Goods Sold,F,MEAT ,-4418.00
"Q2, 24",Cost of Goods Sold,F,MEAT ,-4241.00
"Q4, 24",Cost of Goods Sold,F,MEAT ,-4171.00
"Q2, 25",Cost of Goods Sold,F,MEAT ,-4042.00
"Q1, 26",Cost of Goods Sold,F,PRODUCE ,-4020.00
"Q4, 25",Cost of Goods Sold,F,MEAT ,-3871.00
"Q4, 24",Cost of Goods Sold,F,PRODUCE ,-3806.00
"Q1, 24",Cost of Goods Sold,F,HBA ,-3685.00
"Q2, 24",Cost of Goods Sold,F,MEAT ,-3633.00
"Q3, 25",Cost of Goods Sold,F,MEAT ,-3612.00
"Q4, 24",Cost of Goods Sold,F,MEAT ,-3483.00
"Q2, 24",Cost of Goods Sold,F,MEAT ,-3483.00
"Q3, 24",Cost of Goods Sold,F,PRODUCE ,-3306.00
"Q3, 24",Cost of Goods Sold,F,MEAT ,-3204.00
"Q1, 26",Cost of Goods Sold,F,FLORAL ,-3118.00
"Q2, 26",Cost of Goods Sold,F,MEAT ,-3105.00
"Q1, 25",Cost of Goods Sold,F,DELI ,-3018.00
"Q1, 26",Cost of Goods Sold,F,MEAT ,-2944.00
"Q1, 25",Cost of Goods Sold,F,TOBACCO ,-2864.00
"Q3, 25",Cost of Goods Sold,F,MEAT ,-2769.00
"Q2, 24",Cost of Goods Sold,F,PRODUCE ,-2697.00
"Q3, 25",Cost of Goods Sold,F,PRODUCE ,-2653.00
"Q2, 25",Cost of Goods Sold,F,Grocery,-2644.00
"Q2, 25",Cost of Goods Sold,F,MEAT ,-2615.00
"Q3, 24",Cost of Goods Sold,F,MEAT ,-2567.00
"Q1, 24",Cost of Goods Sold,F,MEAT ,-2388.00
"Q2, 24",Cost of Goods Sold,F,HBA ,-2370.00
"Q1, 25",Cost of Goods Sold,F,MEAT ,-2351.00
"Q4, 25",Cost of Goods Sold,F,PRODUCE ,-2221.00
"Q4, 24",Cost of Goods Sold,F,BAKERY ,-1891.00
"Q4, 25",Cost of Goods Sold,F,MEAT ,-1886.00
"Q2, 26",Cost of Goods Sold,F,DELI ,-1700.00
"Q2, 26",Cost of Goods Sold,F,MEAT ,-1609.00
"Q4, 25",Cost of Goods Sold,F,BAKERY ,-1600.00
"Q1, 26",Cost of Goods Sold,F,DELI ,-1575.00
"Q3, 25",Cost of Goods Sold,F,MEAT ,-1534.00
"Q1, 26",Cost of Goods Sold,F,MEAT ,-1240.00
"Q2, 25",Cost of Goods Sold,F,BAKERY ,-1166.00
"Q3, 25",Cost of Goods Sold,F,Grocery,-1142.00
"Q2, 25",Cost of Goods Sold,F,DELI ,-1108.00
"Q2, 26",Cost of Goods Sold,F,Grocery,-1083.00
"Q1, 25",Cost of Goods Sold,F,Grocery,-1060.00
"Q2, 26",Cost of Goods Sold,F,BAKERY ,-1042.00
"Q1, 25",Cost of Goods Sold,F,BAKERY ,-936.00
"Q4, 24",Cost of Goods Sold,F,DELI ,-828.00
"Q1, 26",Cost of Goods Sold,F,MEAT ,-818.00
"Q1, 25",Cost of Goods Sold,F,HBA ,-794.00
"Q1, 26",Cost of Goods Sold,F,TOBACCO ,-650.00
"Q1, 25",Cost of Goods Sold,F,BAKERY ,-643.00
"Q1, 25",Cost of Goods Sold,F,Grocery,-636.00
"Q1, 24",Cost of Goods Sold,F,TOBACCO ,-633.00
"Q3, 24",Cost of Goods Sold,F,TOBACCO ,-587.00
"Q2, 24",Cost of Goods Sold,F,TOBACCO ,-579.00
"Q2, 24",Cost of Goods Sold,F,Grocery,-576.00
"Q2, 26",Cost of Goods Sold,F,DELI ,-565.00
"Q4, 24",Cost of Goods Sold,F,PURCHASE DISCOUNT,-502.00
"Q3, 25",Cost of Goods Sold,F,BAKERY ,-493.00
"Q4, 24",Cost of Goods Sold,F,Dairy,-485.00
"Q4, 25",Cost of Goods Sold,F,DELI ,-475.00
"Q1, 26",Cost of Goods Sold,F,BAKERY ,-459.00
"Q3, 24",Cost of Goods Sold,F,PURCHASE DISCOUNT,-448.00
"Q2, 25",Cost of Goods Sold,F,Grocery,-425.00
"Q1, 25",Cost of Goods Sold,F,PURCHASE DISCOUNT,-415.00
"Q4, 25",Cost of Goods Sold,F,PURCHASE DISCOUNT,-399.00
"Q2, 25",Cost of Goods Sold,F,DELI ,-390.00
"Q2, 26",Cost of Goods Sold,F,BAKERY ,-386.00
"Q4, 25",Cost of Goods Sold,F,BAKERY ,-377.00
"Q2, 25",Cost of Goods Sold,F,BAKERY ,-376.00
"Q3, 25",Cost of Goods Sold,F,PURCHASE DISCOUNT,-364.00
"Q2, 24",Cost of Goods Sold,F,PURCHASE DISCOUNT,-362.00
"Q2, 25",Cost of Goods Sold,F,PURCHASE DISCOUNT,-357.00
"Q3, 25",Cost of Goods Sold,F,DELI ,-354.00
"Q2, 26",Cost of Goods Sold,F,PURCHASE DISCOUNT,-347.00
"Q4, 24",Cost of Goods Sold,F,HBA ,-345.00
"Q4, 24",Cost of Goods Sold,F,BAKERY ,-336.00
"Q2, 26",Cost of Goods Sold,F,MEAT ,-327.00
"Q1, 26",Cost of Goods Sold,F,PURCHASE DISCOUNT,-316.00
"Q1, 26",Cost of Goods Sold,F,BAKERY ,-315.00
"Q4, 25",Cost of Goods Sold,F,Grocery,-309.00
"Q4, 24",Cost of Goods Sold,F,Grocery,-288.00
"Q1, 26",Cost of Goods Sold,F,Grocery,-267.00
"Q1, 25",Cost of Goods Sold,F,BAKERY ,-262.00
"Q3, 25",Cost of Goods Sold,F,Grocery,-254.00
"Q2, 25",Cost of Goods Sold,F,TOBACCO ,-252.00
"Q2, 25",Cost of Goods Sold,F,DELI ,-242.00
"Q1, 25",Cost of Goods Sold,F,MEAT ,-241.00
"Q3, 25",Cost of Goods Sold,F,TOBACCO ,-241.00
"Q2, 25",Cost of Goods Sold,F,MEAT ,-234.00
"Q1, 24",Cost of Goods Sold,F,Grocery,-214.00
"Q3, 24",Cost of Goods Sold,F,Grocery,-214.00
"Q2, 25",Cost of Goods Sold,F,TOBACCO ,-210.00
"Q4, 25",Cost of Goods Sold,F,MEAT ,-198.00
"Q3, 25",Cost of Goods Sold,F,BAKERY ,-198.00
"Q1, 24",Cost of Goods Sold,F,PURCHASE DISCOUNT,-197.00
"Q1, 25",Cost of Goods Sold,F,DELI ,-196.00
"Q1, 25",Cost of Goods Sold,F,BAKERY ,-147.00
"Q2, 26",Cost of Goods Sold,F,PRODUCE ,-147.00
"Q4, 24",Cost of Goods Sold,F,TOBACCO ,-146.00
"Q3, 25",Cost of Goods Sold,F,BAKERY ,-138.00
"Q3, 24",Cost of Goods Sold,F,MEAT ,-137.00
"Q1, 25",Cost of Goods Sold,F,DELI ,-133.00
"Q2, 25",Cost of Goods Sold,F,BAKERY ,-132.00
"Q4, 25",Cost of Goods Sold,F,DELI ,-122.00
"Q4, 25",Cost of Goods Sold,F,BAKERY ,-106.00
"Q1, 25",Cost of Goods Sold,F,HBA ,-105.00
"Q2, 24",Cost of Goods Sold,F,TOBACCO ,-101.00
"Q1, 26",Cost of Goods Sold,F,BAKERY ,-97.00
"Q1, 24",Cost of Goods Sold,F,TOBACCO ,-91.00
"Q1, 26",Cost of Goods Sold,F,DELI ,-88.00
"Q1, 26",Cost of Goods Sold,F,PRODUCE ,-86.00
"Q4, 24",Cost of Goods Sold,F,DELI ,-83.00
"Q4, 24",Cost of Goods Sold,F,PRODUCE ,-77.00
"Q4, 24",Cost of Goods Sold,F,TOBACCO ,-72.00
"Q2, 24",Cost of Goods Sold,F,PRODUCE ,-68.00
"Q2, 24",Cost of Goods Sold,F,Dairy,-67.00
"Q4, 24",Cost of Goods Sold,F,HBA ,-63.00
"Q2, 24",Cost of Goods Sold,F,TOBACCO ,-60.00
"Q2, 26",Cost of Goods Sold,F,TOBACCO ,-57.00
"Q4, 24",Cost of Goods Sold,F,HBA ,-55.00
"Q1, 24",Cost of Goods Sold,F,HBA ,-53.00
"Q4, 24",Cost of Goods Sold,F,DELI ,-53.00
"Q3, 24",Cost of Goods Sold,F,TOBACCO ,-52.00
"Q1, 24",Cost of Goods Sold,F,PRODUCE ,-52.00
"Q3, 24",Cost of Goods Sold,F,PRODUCE ,-49.00
"Q2, 25",Cost of Goods Sold,F,PRODUCE ,-49.00
"Q3, 24",Cost of Goods Sold,F,HBA ,-48.00
"Q2, 24",Cost of Goods Sold,F,HBA ,-47.00
"Q4, 24",Cost of Goods Sold,F,BAKERY ,-41.00
"Q1, 24",Cost of Goods Sold,F,TOBACCO ,-40.00
"Q2, 26",Cost of Goods Sold,F,Grocery,-38.00
"Q1, 25",Cost of Goods Sold,F,TOBACCO ,-38.00
"Q1, 26",Cost of Goods Sold,F,DELI ,-38.00
"Q2, 26",Cost of Goods Sold,F,BAKERY ,-38.00
"Q2, 25",Cost of Goods Sold,F,TOBACCO ,-35.00
"Q3, 25",Cost of Goods Sold,F,MEAT ,-31.00
"Q2, 26",Cost of Goods Sold,F,DELI ,-29.00
"Q3, 25",Cost of Goods Sold,F,PRODUCE ,-29.00
"Q4, 25",Cost of Goods Sold,F,HBA ,-28.00
"Q2, 25",Cost of Goods Sold,F,PRODUCE ,-27.00
"Q1, 24",Cost of Goods Sold,F,Dairy,-27.00
"Q3, 25",Cost of Goods Sold,F,HBA ,-27.00
"Q3, 25",Cost of Goods Sold,F,TOBACCO ,-25.00
"Q2, 25",Cost of Goods Sold,F,HBA ,-25.00
"Q4, 25",Cost of Goods Sold,F,PRODUCE ,-24.00
"Q3, 24",Cost of Goods Sold,F,TOBACCO ,-22.00
"Q1, 25",Cost of Goods Sold,F,PRODUCE ,-21.00
"Q1, 26",Cost of Goods Sold,F,HBA ,-20.00
"Q1, 25",Cost of Goods Sold,F,PRODUCE ,-19.00
"Q4, 25",Cost of Goods Sold,F,TOBACCO ,-17.00
"Q1, 26",Cost of Goods Sold,F,PRODUCE ,-14.00
"Q3, 25",Cost of Goods Sold,F,PRODUCE ,-13.00
"Q1, 24",Cost of Goods Sold,F,HBA ,-10.00
"Q3, 24",Cost of Goods Sold,F,PRODUCE ,-10.00
"Q3, 24",Cost of Goods Sold,F,HBA ,-7.00
"Q1, 26",Cost of Goods Sold,F,TOBACCO ,-6.00
"Q2, 26",Cost of Goods Sold,F,TOBACCO ,-6.00
"Q4, 24",Cost of Goods Sold,F,TOBACCO ,-6.00
"Q1, 25",Cost of Goods Sold,F,HBA ,-5.00
"Q2, 26",Cost of Goods Sold,F,HBA ,-5.00
"Q2, 24",Cost of Goods Sold,F,HBA ,-4.00
"Q2, 24",Cost of Goods Sold,F,PRODUCE ,-4.00
"Q4, 25",Cost of Goods Sold,F,PRODUCE ,-4.00
"Q2, 26",Cost of Goods Sold,F,PRODUCE ,-4.00
"Q1, 24",Cost of Goods Sold,F,PRODUCE ,-2.00
"Q4, 25",Sales,F,FLORAL ,0.00
"Q4, 24",Cost of Goods Sold,F,MEAT ,0.00
"Q2, 25",Cost of Goods Sold,F,HBA ,0.00
"Q3, 25",Cost of Goods Sold,F,HBA ,0.00
"Q4, 25",Cost of Goods Sold,F,HBA ,0.00
"Q4, 24",Cost of Goods Sold,F,PRODUCE ,0.00
"Q3, 25",Cost of Goods Sold,F,TOBACCO ,0.00
"Q4, 25",Cost of Goods Sold,F,TOBACCO ,0.00
"Q3, 24",Cost of Goods Sold,F,Dairy,0.00
"Q4, 25",Cost of Goods Sold,F,Dairy,0.00
"Q3, 25",Cost of Goods Sold,F,FLORAL ,0.00
"Q4, 25",Cost of Goods Sold,F,FLORAL ,0.00
"Q2, 26",Cost of Goods Sold,F,FLORAL ,0.00
"Q3, 25",Cost of Goods Sold,F,HBA ,0.00
"Q4, 25",Cost of Goods Sold,F,HBA ,0.00
"Q2, 25",Cost of Goods Sold,F,HBA ,0.00
"Q3, 25",Cost of Goods Sold,F,HBA ,0.00
"Q4, 25",Cost of Goods Sold,F,HBA ,0.00
"Q2, 24",Supplies,F,MEAT ,0.00
"Q4, 24",Supplies,F,MEAT ,0.00
"Q4, 24",Supplies,F,PRODUCE ,0.00
"Q3, 25",Wages,F,Grocery,0.00
"Q2, 24",Wages,F,Store Mgr Pay,0.00
"Q3, 24",Wages,F,Store Mgr Pay,0.00
"Q4, 24",Wages,F,Store Mgr Pay,0.00
"Q2, 24",Wages,F,Grocery,0.00
"Q3, 24",Wages,F,Grocery,0.00
"Q2, 24",Wages,F,MEAT ,0.00
"Q3, 24",Wages,F,MEAT ,0.00
"Q2, 24",Wages,F,Store Mgr Pay,0.00
"Q3, 24",Wages,F,Store Mgr Pay,0.00
"Q2, 25",Wages,F,MEAT ,0.00
"Q4, 24",Wages,F,PRODUCE ,0.00
"Q4, 25",Wages,F,MEAT ,2.00
"Q1, 24",Cost of Goods Sold,F,HBA ,26.00
"Q1, 26",Supplies,F,DELI ,34.00
"Q2, 26",Wages,F,PRODUCE ,39.00
"Q2, 26",Wages,F,Grocery,49.00
"Q1, 24",Wages,F,Store Mgr Pay,52.00
"Q4, 24",Cost of Goods Sold,F,HBA ,55.00
"Q2, 26",Wages,F,MEAT ,71.00
"Q1, 26",Cost of Goods Sold,F,TOBACCO ,80.00
"Q3, 24",Cost of Goods Sold,F,HBA ,102.00
"Q3, 25",Sales,F,FLORAL ,112.00
"Q2, 25",Cost of Goods Sold,F,FLORAL ,112.00
"Q4, 25",Wages,F,PRODUCE ,117.00
"Q1, 24",Wages,F,MEAT ,120.00
"Q2, 25",Supplies,F,PRODUCE ,122.00
"Q4, 24",Wages,F,PRODUCE ,144.00
"Q4, 25",Wages,F,Store Mgr Pay,162.00
"Q1, 26",Wages,F,MEAT ,173.00
"Q4, 24",Cost of Goods Sold,F,DELI ,187.00
"Q3, 25",Supplies,F,PRODUCE ,189.00
"Q4, 25",Wages,F,MEAT ,189.00
"Q1, 25",Wages,F,Grocery,192.00
"Q4, 24",Cost of Goods Sold,F,TOBACCO ,194.00
"Q2, 25",Wages,F,Grocery,203.00
"Q1, 24",Wages,F,Grocery,204.00
"Q2, 26",Supplies,F,DELI ,219.00
"Q4, 25",Cost of Goods Sold,F,TOBACCO ,221.00
"Q2, 25",Cost of Goods Sold,F,PRODUCE ,232.00
"Q1, 26",Cost of Goods Sold,F,TOBACCO ,236.00
"Q4, 25",Sales,F,TOBACCO ,239.00
"Q2, 26",Cost of Goods Sold,F,TOBACCO ,247.00
"Q4, 25",Supplies,F,PRODUCE ,255.00
"Q1, 26",Supplies,F,PRODUCE ,270.00
"Q3, 25",Wages,F,PRODUCE ,279.00
"Q3, 25",Cost of Goods Sold,F,TOBACCO ,282.00
"Q1, 25",Wages,F,PRODUCE ,289.00
"Q1, 25",Sales,F,FLORAL ,294.00
"Q3, 25",Sales,F,TOBACCO ,302.00
"Q1, 26",Sales,F,FLORAL ,305.00
"Q1, 26",Wages,F,Grocery,305.00
"Q4, 25",Wages,F,Grocery,307.00
"Q1, 25",Supplies,F,Grocery,313.00
"Q4, 24",Wages,F,MEAT ,314.00
"Q3, 24",Wages,F,Grocery,318.00
"Q4, 25",Supplies,F,Grocery,322.00
"Q4, 24",Wages,F,Store Mgr Pay,323.00
"Q4, 25",Wages,F,Grocery,335.00
"Q3, 25",Wages,F,MEAT ,342.00
"Q2, 25",Wages,F,MEAT ,348.00
"Q3, 25",Cost of Goods Sold,F,BAKERY ,349.00
"Q2, 26",Supplies,F,PRODUCE ,350.00
"Q4, 25",Wages,F,PRODUCE ,352.00
"Q4, 25",Supplies,F,MEAT ,356.00
"Q2, 26",Wages,F,PRODUCE ,357.00
"Q1, 26",Sales,F,TOBACCO ,365.00
"Q1, 26",Wages,F,PRODUCE ,367.00
"Q2, 25",Wages,F,PRODUCE ,391.00
"Q2, 26",Cost of Goods Sold,F,DELI ,397.00
"Q4, 25",Cost of Goods Sold,F,TOBACCO ,422.00
"Q1, 26",Wages,F,PRODUCE ,427.00
"Q1, 26",Cost of Goods Sold,F,BAKERY ,440.00
"Q1, 24",Cost of Goods Sold,F,TOBACCO ,459.00
"Q4, 24",Wages,F,PRODUCE ,459.00
"Q4, 24",Cost of Goods Sold,F,TOBACCO ,478.00
"Q3, 24",Cost of Goods Sold,F,TOBACCO ,485.00
"Q2, 26",Sales,F,FLORAL ,531.00
"Q2, 24",Cost of Goods Sold,F,TOBACCO ,543.00
"Q2, 25",Supplies,F,MEAT ,573.00
"Q2, 25",Sales,F,TOBACCO ,574.00
"Q1, 25",Wages,F,MEAT ,577.00
"Q2, 26",Supplies,F,MEAT ,578.00
"Q3, 25",Supplies,F,MEAT ,584.00
"Q4, 25",Cost of Goods Sold,F,DELI ,608.00
"Q4, 25",Wages,F,MEAT ,638.00
"Q1, 25",Cost of Goods Sold,F,TOBACCO ,647.00
"Q1, 26",Wages,F,MEAT ,654.00
"Q2, 25",Sales,F,FLORAL ,660.00
"Q3, 25",Supplies,F,Grocery,664.00
"Q3, 25",Wages,F,MEAT ,673.00
"Q2, 25",Cost of Goods Sold,F,HBA ,696.00
"Q2, 26",Cost of Goods Sold,F,TOBACCO ,698.00
"Q4, 24",Sales,F,TOBACCO ,699.00
"Q2, 26",Wages,F,MEAT ,701.00
"Q1, 25",Sales,F,TOBACCO ,717.00
"Q1, 26",Supplies,F,Grocery,722.00
"Q2, 25",Cost of Goods Sold,F,TOBACCO ,733.00
"Q2, 26",Sales,F,TOBACCO ,748.00
"Q4, 24",Wages,F,Grocery,751.00
"Q3, 24",Cost of Goods Sold,F,TOBACCO ,791.00
"Q4, 24",Wages,F,Grocery,791.00
"Q3, 24",Wages,F,PRODUCE ,800.00
"Q2, 26",Cost of Goods Sold,F,HBA ,845.00
"Q1, 24",Wages,F,MEAT ,889.00
"Q2, 25",Supplies,F,Grocery,911.00
"Q3, 24",Supplies,F,MEAT ,921.00
"Q4, 24",Wages,F,Grocery,922.00
"Q2, 24",Wages,F,Grocery,927.00
"Q1, 25",Cost of Goods Sold,F,HBA ,930.00
"Q4, 25",Cost of Goods Sold,F,BAKERY ,957.00
"Q1, 24",Wages,F,Grocery,1000.00
"Q1, 24",Wages,F,Store Mgr Pay,1000.00
"Q2, 26",Supplies,F,Grocery,1020.00
"Q2, 24",Wages,F,MEAT ,1034.00
"Q1, 26",Cost of Goods Sold,F,DELI ,1074.00
"Q1, 26",Cost of Goods Sold,F,HBA ,1087.00
"Q1, 26",Supplies,F,MEAT ,1089.00
"Q2, 25",Cost of Goods Sold,F,DELI ,1104.00
"Q3, 24",Wages,F,MEAT ,1121.00
"Q2, 25",Cost of Goods Sold,F,PRODUCE ,1190.00
"Q2, 25",Cost of Goods Sold,F,BAKERY ,1201.00
"Q4, 25",Cost of Goods Sold,F,HBA ,1220.00
"Q2, 24",Cost of Goods Sold,F,HBA ,1282.00
"Q1, 25",Wages,F,MEAT ,1314.00
"Q3, 24",Wages,F,Grocery,1317.00
"Q2, 26",Cost of Goods Sold,F,BAKERY ,1339.00
"Q4, 24",Cost of Goods Sold,F,BAKERY ,1373.00
"Q3, 24",Sales,F,TOBACCO ,1413.00
"Q2, 24",Cost of Goods Sold,F,MEAT ,1426.00
"Q3, 24",Supplies,F,PRODUCE ,1454.00
"Q1, 24",Wages,F,Grocery,1554.00
"Q2, 24",Wages,F,Grocery,1570.00
"Q3, 25",Wages,F,Store Mgr Pay,1595.00
"Q2, 25",Cost of Goods Sold,F,HBA ,1609.00
"Q4, 24",Wages,F,MEAT ,1639.00
"Q1, 24",Cost of Goods Sold,F,TOBACCO ,1654.00
"Q4, 25",Wages,F,Store Mgr Pay,1713.00
"Q2, 24",Cost of Goods Sold,F,PRODUCE ,1757.00
"Q1, 25",Cost of Goods Sold,F,TOBACCO ,1774.00
"Q4, 24",Sales,F,DELI ,1814.00
"Q3, 24",Cost of Goods Sold,F,MEAT ,1843.00
"Q2, 26",Wages,F,Store Mgr Pay,1853.00
"Q1, 24",Sales,F,TOBACCO ,1858.00
"Q3, 25",Cost of Goods Sold,F,HBA ,1865.00
"Q4, 24",Wages,F,MEAT ,1893.00
"Q1, 25",Supplies,F,MEAT ,1908.00
"Q2, 24",Sales,F,TOBACCO ,1939.00
"Q3, 24",Wages,F,PRODUCE ,1963.00
"Q2, 25",Wages,F,Store Mgr Pay,2097.00
"Q3, 24",Wages,F,MEAT ,2182.00
"Q3, 25",Cost of Goods Sold,F,PRODUCE ,2257.00
"Q1, 25",Wages,F,Store Mgr Pay,2269.00
"Q3, 24",Supplies,F,Grocery,2345.00
"Q2, 24",Cost of Goods Sold,F,TOBACCO ,2356.00
"Q2, 24",Wages,F,MEAT ,2497.00
"Q1, 26",Sales,F,HBA ,2599.00
"Q4, 25",Cost of Goods Sold,F,DELI ,2624.00
"Q4, 25",Cost of Goods Sold,F,PRODUCE ,2627.00
"Q2, 24",Cost of Goods Sold,F,HBA ,2653.00
"Q2, 26",Sales,F,HBA ,2741.00
"Q3, 24",Wages,F,Store Mgr Pay,2792.00
"Q4, 24",Cost of Goods Sold,F,DELI ,2805.00
"Q1, 24",Wages,F,MEAT ,2826.00
"Q1, 25",Cost of Goods Sold,F,HBA ,2911.00
"Q1, 24",Supplies,F,Grocery,3081.00
"Q1, 24",Cost of Goods Sold,F,HBA ,3111.00
"Q2, 26",Cost of Goods Sold,F,Grocery,3191.00
"Q4, 25",Sales,F,DELI ,3268.00
"Q4, 24",Wages,F,Store Mgr Pay,3296.00
"Q2, 24",Wages,F,Store Mgr Pay,3302.00
"Q1, 25",Cost of Goods Sold,F,DELI ,3313.00
"Q3, 25",Cost of Goods Sold,F,DELI ,3422.00
"Q1, 25",Sales,F,DELI ,3438.00
"Q3, 25",Wages,F,PRODUCE ,3471.00
"Q1, 24",Wages,F,Store Mgr Pay,3476.00
"Q3, 24",Cost of Goods Sold,F,HBA ,3482.00
"Q4, 25",Wages,F,PRODUCE ,3617.00
"Q4, 25",Sales,F,HBA ,3650.00
"Q2, 26",Cost of Goods Sold,F,PRODUCE ,3724.00
"Q2, 25",Sales,F,HBA ,3740.00
"Q2, 25",Wages,F,PRODUCE ,3758.00
"Q1, 25",Sales,F,HBA ,3766.00
"Q3, 25",Sales,F,HBA ,3831.00
"Q2, 25",Sales,F,DELI ,4068.00
"Q1, 24",Sales,F,HBA ,4100.00
"Q4, 24",Cost of Goods Sold,F,HBA ,4127.00
"Q2, 25",Cost of Goods Sold,F,DELI ,4220.00
"Q1, 24",Supplies,F,MEAT ,4245.00
"Q1, 25",Wages,F,PRODUCE ,4256.00
"Q1, 26",Cost of Goods Sold,F,PRODUCE ,4262.00
"Q1, 25",Cost of Goods Sold,F,PRODUCE ,4366.00
"Q3, 24",Cost of Goods Sold,F,PRODUCE ,4404.00
"Q4, 25",Cost of Goods Sold,F,MEAT ,4462.00
"Q4, 24",Supplies,F,Grocery,4477.00
"Q4, 24",Cost of Goods Sold,F,MEAT ,4497.00
"Q4, 24",Cost of Goods Sold,F,PRODUCE ,4511.00
"Q4, 24",Cost of Goods Sold,F,MEAT ,4582.00
"Q1, 26",Cost of Goods Sold,F,Grocery,4648.00
"Q3, 24",Sales,F,HBA ,4705.00
"Q1, 26",Cost of Goods Sold,F,DELI ,4844.00
"Q4, 24",Sales,F,HBA ,4886.00
"Q3, 25",Sales,F,DELI ,4935.00
"Q1, 26",Sales,F,DELI ,5154.00
"Q2, 24",Supplies,F,Grocery,5162.00
"Q2, 24",Sales,F,HBA ,5178.00
"Q2, 25",Cost of Goods Sold,F,MEAT ,5218.00
"Q4, 25",Cost of Goods Sold,F,DELI ,5244.00
"Q4, 24",Wages,F,PRODUCE ,5360.00
"Q1, 26",Wages,F,PRODUCE ,5361.00
"Q1, 25",Cost of Goods Sold,F,DELI ,5487.00
"Q3, 25",Cost of Goods Sold,F,DELI ,5555.00
"Q3, 25",Cost of Goods Sold,F,BAKERY ,5565.00
"Q2, 26",Wages,F,PRODUCE ,5642.00
"Q3, 24",Wages,F,PRODUCE ,5746.00
"Q1, 26",Cost of Goods Sold,F,BAKERY ,5750.00
"Q1, 26",Cost of Goods Sold,F,MEAT ,5857.00
"Q2, 26",Cost of Goods Sold,F,DELI ,5915.00
"Q2, 26",Sales,F,DELI ,5936.00
"Q3, 24",Cost of Goods Sold,F,HBA ,6428.00
"Q3, 25",Cost of Goods Sold,F,Grocery,6545.00
"Q2, 26",Cost of Goods Sold,F,BAKERY ,6649.00
"Q2, 26",Cost of Goods Sold,F,MEAT ,6674.00
"Q2, 25",Cost of Goods Sold,F,BAKERY ,6712.00
"Q1, 24",Wages,F,Store Mgr Pay,6726.00
"Q4, 24",Cost of Goods Sold,F,Grocery,7746.00
"Q2, 24",Cost of Goods Sold,F,Grocery,7845.00
"Q3, 25",Sales,F,BAKERY ,7892.00
"Q1, 25",Cost of Goods Sold,F,MEAT ,8006.00
"Q1, 26",Sales,F,BAKERY ,8130.00
"Q1, 25",Cost of Goods Sold,F,BAKERY ,8166.00
"Q2, 25",Cost of Goods Sold,F,Grocery,8315.00
"Q2, 25",Sales,F,BAKERY ,8397.00
"Q4, 25",Cost of Goods Sold,F,BAKERY ,8400.00
"Q1, 24",Cost of Goods Sold,F,MEAT ,8482.00
"Q1, 26",Wages,F,Store Mgr Pay,8515.00
"Q2, 26",Sales,F,BAKERY ,8639.00
"Q4, 24",Cost of Goods Sold,F,BAKERY ,8916.00
"Q4, 24",Wages,F,Store Mgr Pay,9369.00
"Q4, 25",Wages,F,Store Mgr Pay,9369.00
"Q2, 26",Wages,F,Store Mgr Pay,9500.00
"Q4, 25",Wages,F,MEAT ,10076.00
"Q1, 26",Wages,F,MEAT ,10119.00
"Q1, 25",Wages,F,Store Mgr Pay,10177.00
"Q2, 25",Wages,F,Store Mgr Pay,10258.00
"Q4, 24",Sales,F,BAKERY ,10332.00
"Q3, 25",Wages,F,MEAT ,10369.00
"Q3, 24",Wages,F,Store Mgr Pay,10500.00
"Q3, 25",Wages,F,Store Mgr Pay,10500.00
"Q4, 25",Sales,F,BAKERY ,10529.00
"Q1, 24",Cost of Goods Sold,F,PRODUCE ,10529.00
"Q2, 24",Wages,F,Store Mgr Pay,10588.00
"Q3, 25",Cost of Goods Sold,F,MEAT ,10908.00
"Q2, 26",Wages,F,MEAT ,11067.00
"Q1, 25",Sales,F,BAKERY ,11369.00
"Q2, 25",Wages,F,MEAT ,11494.00
"Q4, 24",Wages,F,MEAT ,11625.00
"Q4, 25",Cost of Goods Sold,F,Grocery,11912.00
"Q3, 24",Wages,F,MEAT ,12194.00
"Q1, 24",Wages,F,MEAT ,14260.00
"Q2, 24",Wages,F,MEAT ,15799.00
"Q1, 25",Wages,F,MEAT ,16464.00
"Q3, 24",Cost of Goods Sold,F,Grocery,18832.00
"Q4, 25",Wages,F,Grocery,27023.00
"Q1, 26",Wages,F,Grocery,28140.00
"Q3, 25",Wages,F,Grocery,28979.00
"Q4, 25",Cost of Goods Sold,F,PRODUCE ,29585.00
"Q2, 26",Wages,F,Grocery,29702.00
"Q1, 25",Cost of Goods Sold,F,Grocery,30441.00
"Q1, 26",Cost of Goods Sold,F,PRODUCE ,30800.00
"Q2, 25",Cost of Goods Sold,F,PRODUCE ,31700.00
"Q2, 25",Wages,F,Grocery,31734.00
"Q1, 25",Cost of Goods Sold,F,PRODUCE ,32261.00
"Q1, 25",Wages,F,Grocery,32949.00
"Q3, 24",Wages,F,Grocery,33962.00
"Q3, 25",Cost of Goods Sold,F,PRODUCE ,35108.00
"Q4, 24",Wages,F,Grocery,35995.00
"Q1, 24",Wages,F,Grocery,36366.00
"Q4, 24",Cost of Goods Sold,F,PRODUCE ,36584.00
"Q2, 24",Wages,F,Grocery,37428.00
"Q4, 25",Sales,F,PRODUCE ,39051.00
"Q1, 24",Cost of Goods Sold,F,PRODUCE ,39509.00
"Q2, 26",Cost of Goods Sold,F,PRODUCE ,41076.00
"Q1, 26",Sales,F,PRODUCE ,41781.00
"Q3, 24",Cost of Goods Sold,F,PRODUCE ,42003.00
"Q2, 24",Cost of Goods Sold,F,PRODUCE ,44165.00
"Q2, 25",Sales,F,PRODUCE ,45033.00
"Q3, 25",Sales,F,PRODUCE ,46305.00
"Q4, 24",Sales,F,PRODUCE ,46716.00
"Q1, 25",Sales,F,PRODUCE ,47911.00
"Q2, 26",Sales,F,PRODUCE ,50223.00
"Q1, 24",Sales,F,PRODUCE ,53698.00
"Q3, 24",Sales,F,PRODUCE ,55197.00
"Q2, 24",Sales,F,PRODUCE ,59138.00
"Q1, 24",Cost of Goods Sold,F,Grocery,81015.00
"Q2, 26",Cost of Goods Sold,F,MEAT ,102282.00
"Q3, 25",Cost of Goods Sold,F,MEAT ,102436.00
"Q1, 26",Cost of Goods Sold,F,MEAT ,103699.00
"Q4, 25",Cost of Goods Sold,F,MEAT ,104423.00
"Q2, 25",Cost of Goods Sold,F,MEAT ,116224.00
"Q2, 26",Sales,F,MEAT ,124178.00
"Q4, 24",Cost of Goods Sold,F,MEAT ,124699.00
"Q1, 25",Cost of Goods Sold,F,MEAT ,124856.00
"Q4, 25",Sales,F,MEAT ,125860.00
"Q3, 24",Cost of Goods Sold,F,MEAT ,125975.00
"Q3, 25",Sales,F,MEAT ,127687.00
"Q1, 24",Cost of Goods Sold,F,MEAT ,128467.00
"Q1, 26",Sales,F,MEAT ,131229.00
"Q2, 25",Sales,F,MEAT ,137256.00
"Q2, 24",Cost of Goods Sold,F,MEAT ,137595.00
"Q1, 25",Sales,F,MEAT ,158826.00
"Q1, 24",Sales,F,MEAT ,159996.00
"Q3, 24",Sales,F,MEAT ,161749.00
"Q4, 24",Sales,F,MEAT ,164246.00
"Q2, 24",Sales,F,MEAT ,170591.00
"Q2, 26",Cost of Goods Sold,F,Grocery,227736.00
"Q1, 26",Cost of Goods Sold,F,Grocery,239201.00
"Q3, 25",Cost of Goods Sold,F,Grocery,249313.00
"Q1, 25",Cost of Goods Sold,F,Grocery,253134.00
"Q4, 25",Cost of Goods Sold,F,Grocery,258145.00
"Q2, 25",Cost of Goods Sold,F,Grocery,261380.00
"Q2, 26",Sales,F,Grocery,287357.00
"Q3, 24",Cost of Goods Sold,F,Grocery,294771.00
"Q1, 24",Cost of Goods Sold,F,Grocery,298319.00
"Q1, 26",Sales,F,Grocery,299246.00
"Q2, 24",Cost of Goods Sold,F,Grocery,313798.00
"Q4, 25",Sales,F,Grocery,320586.00
"Q3, 25",Sales,F,Grocery,321586.00
"Q4, 24",Cost of Goods Sold,F,Grocery,326564.00
"Q2, 25",Sales,F,Grocery,331409.00
"Q1, 25",Sales,F,Grocery,352391.00
"Q1, 24",Sales,F,Grocery,385076.00
"Q4, 24",Sales,F,Grocery,386528.00
"Q3, 24",Sales,F,Grocery,389124.00
"Q2, 24",Sales,F,Grocery,391536.00
"Q1, 24",Cost of Goods Sold,G,Grocery,-331662.00
"Q1, 24",Cost of Goods Sold,G,MEAT ,-120976.00
"Q2, 24",Cost of Goods Sold,G,Grocery,-99465.00
"Q3, 24",Cost of Goods Sold,G,Grocery,-91531.00
"Q1, 26",Cost of Goods Sold,G,Grocery,-61102.00
"Q1, 24",Cost of Goods Sold,G,PRODUCE ,-54999.00
"Q4, 25",Cost of Goods Sold,G,Grocery,-38816.00
"Q1, 26",Cost of Goods Sold,G,MEAT ,-38126.00
"Q3, 25",Cost of Goods Sold,G,Grocery,-37190.00
"Q2, 25",Cost of Goods Sold,G,Grocery,-36363.00
"Q2, 25",Cost of Goods Sold,G,Grocery,-35347.00
"Q3, 25",Cost of Goods Sold,G,Grocery,-35346.00
"Q3, 24",Cost of Goods Sold,G,Grocery,-35192.00
"Q1, 25",Cost of Goods Sold,G,Grocery,-31779.00
"Q1, 24",Cost of Goods Sold,G,DELI ,-30623.00
"Q4, 24",Cost of Goods Sold,G,Grocery,-30619.00
"Q1, 25",Cost of Goods Sold,G,Grocery,-30589.00
"Q2, 24",Cost of Goods Sold,G,Grocery,-28879.00
"Q4, 24",Cost of Goods Sold,G,Grocery,-27346.00
"Q2, 26",Cost of Goods Sold,G,Grocery,-26748.00
"Q1, 24",Cost of Goods Sold,G,Grocery,-25808.00
"Q1, 26",Cost of Goods Sold,G,Grocery,-25052.00
"Q1, 25",Cost of Goods Sold,G,MEAT ,-24326.00
"Q2, 26",Cost of Goods Sold,G,Grocery,-23386.00
"Q4, 25",Cost of Goods Sold,G,Grocery,-21230.00
"Q2, 25",Cost of Goods Sold,G,MEAT ,-20917.00
"Q4, 24",Cost of Goods Sold,G,Grocery,-19949.00
"Q2, 26",Cost of Goods Sold,G,Grocery,-18054.00
"Q1, 24",Cost of Goods Sold,G,Grocery,-17502.00
"Q2, 25",Cost of Goods Sold,G,Grocery,-16208.00
"Q2, 24",Cost of Goods Sold,G,Grocery,-15996.00
"Q3, 24",Cost of Goods Sold,G,Grocery,-15709.00
"Q1, 26",Cost of Goods Sold,G,Grocery,-15506.00
"Q1, 24",Cost of Goods Sold,G,BEER ,-14809.00
"Q1, 25",Cost of Goods Sold,G,Grocery,-14360.00
"Q3, 25",Cost of Goods Sold,G,Grocery,-13301.00
"Q4, 25",Cost of Goods Sold,G,Grocery,-12853.00
"Q4, 25",Cost of Goods Sold,G,MEAT ,-12480.00
"Q3, 25",Cost of Goods Sold,G,MEAT ,-12255.00
"Q2, 24",Cost of Goods Sold,G,MEAT ,-11571.00
"Q1, 25",Cost of Goods Sold,G,PRODUCE ,-10714.00
"Q2, 24",Cost of Goods Sold,G,PRODUCE ,-10594.00
"Q4, 25",Cost of Goods Sold,G,MEAT ,-10164.00
"Q3, 25",Cost of Goods Sold,G,MEAT ,-9597.00
"Q1, 26",Cost of Goods Sold,G,DELI ,-9310.00
"Q3, 24",Cost of Goods Sold,G,DELI ,-9173.00
"Q1, 24",Cost of Goods Sold,G,MEAT ,-8710.00
"Q4, 24",Cost of Goods Sold,G,MEAT ,-8586.00
"Q2, 26",Cost of Goods Sold,G,MEAT ,-8519.00
"Q4, 24",Cost of Goods Sold,G,MEAT ,-8486.00
"Q2, 25",Cost of Goods Sold,G,DELI ,-8476.00
"Q2, 25",Cost of Goods Sold,G,MEAT ,-8309.00
"Q1, 26",Cost of Goods Sold,G,MEAT ,-7906.00
"Q3, 24",Cost of Goods Sold,G,MEAT ,-7706.00
"Q1, 26",Cost of Goods Sold,G,PRODUCE ,-7452.00
"Q2, 24",Cost of Goods Sold,G,MEAT ,-7441.00
"Q1, 25",Cost of Goods Sold,G,MEAT ,-7413.00
"Q2, 24",Cost of Goods Sold,G,MEAT ,-7241.00
"Q1, 25",Cost of Goods Sold,G,BEER ,-6936.00
"Q4, 24",Cost of Goods Sold,G,MEAT ,-6653.00
"Q3, 24",Cost of Goods Sold,G,MEAT ,-6642.00
"Q1, 25",Cost of Goods Sold,G,HBA ,-6267.00
"Q1, 24",Cost of Goods Sold,G,HBA ,-6207.00
"Q2, 25",Cost of Goods Sold,G,MEAT ,-6108.00
"Q2, 24",Cost of Goods Sold,G,MEAT ,-5864.00
"Q4, 24",Cost of Goods Sold,G,DELI ,-5763.00
"Q2, 25",Cost of Goods Sold,G,PRODUCE ,-5618.00
"Q4, 25",Cost of Goods Sold,G,DELI ,-5361.00
"Q1, 25",Cost of Goods Sold,G,DELI ,-5056.00
"Q3, 24",Cost of Goods Sold,G,BEER ,-4956.00
"Q4, 24",Cost of Goods Sold,G,BAKERY ,-4668.00
"Q4, 24",Cost of Goods Sold,G,PRODUCE ,-4607.00
"Q1, 25",Cost of Goods Sold,G,MEAT ,-4580.00
"Q3, 25",Cost of Goods Sold,G,MEAT ,-4375.00
"Q2, 26",Cost of Goods Sold,G,MEAT ,-4165.00
"Q1, 24",Cost of Goods Sold,G,MEAT ,-4163.00
"Q4, 24",Cost of Goods Sold,G,HBA ,-3985.00
"Q4, 25",Cost of Goods Sold,G,MEAT ,-3924.00
"Q2, 26",Cost of Goods Sold,G,DELI ,-3910.00
"Q2, 26",Cost of Goods Sold,G,DELI ,-3835.00
"Q1, 24",Cost of Goods Sold,G,WINE ,-3481.00
"Q2, 26",Cost of Goods Sold,G,MEAT ,-3474.00
"Q1, 25",Cost of Goods Sold,G,WINE ,-3196.00
"Q2, 25",Cost of Goods Sold,G,DELI ,-3105.00
"Q3, 25",Cost of Goods Sold,G,DELI ,-3004.00
"Q1, 26",Cost of Goods Sold,G,MEAT ,-2944.00
"Q4, 25",Cost of Goods Sold,G,BAKERY ,-2863.00
"Q2, 26",Cost of Goods Sold,G,DELI ,-2669.00
"Q3, 25",Cost of Goods Sold,G,WINE ,-2644.00
"Q2, 24",Cost of Goods Sold,G,DELI ,-2629.00
"Q1, 25",Cost of Goods Sold,G,TOBACCO ,-2595.00
"Q1, 26",Cost of Goods Sold,G,WINE ,-2452.00
"Q1, 26",Cost of Goods Sold,G,MEAT ,-2446.00
"Q3, 25",Cost of Goods Sold,G,DELI ,-2433.00
"Q2, 24",Cost of Goods Sold,G,DELI ,-2362.00
"Q2, 25",Cost of Goods Sold,G,BEER ,-2352.00
"Q2, 26",Cost of Goods Sold,G,BAKERY ,-2298.00
"Q2, 25",Cost of Goods Sold,G,DELI ,-2293.00
"Q3, 24",Cost of Goods Sold,G,MEAT ,-2217.00
"Q3, 25",Cost of Goods Sold,G,DELI ,-2151.00
"Q2, 25",Cost of Goods Sold,G,BEER ,-1926.00
"Q4, 24",Cost of Goods Sold,G,BEER ,-1867.00
"Q1, 26",Cost of Goods Sold,G,BAKERY ,-1779.00
"Q3, 25",Cost of Goods Sold,G,BAKERY ,-1675.00
"Q2, 26",Cost of Goods Sold,G,PRODUCE ,-1654.00
"Q4, 25",Cost of Goods Sold,G,BEER ,-1612.00
"Q2, 26",Cost of Goods Sold,G,TOBACCO ,-1494.00
"Q4, 25",Cost of Goods Sold,G,TOBACCO ,-1455.00
"Q2, 25",Cost of Goods Sold,G,BAKERY ,-1436.00
"Q1, 26",Cost of Goods Sold,G,TOBACCO ,-1303.00
"Q3, 24",Cost of Goods Sold,G,TOBACCO ,-1256.00
"Q3, 25",Cost of Goods Sold,G,TOBACCO ,-1243.00
"Q2, 25",Cost of Goods Sold,G,Grocery,-1216.00
"Q4, 24",Cost of Goods Sold,G,BAKERY ,-1211.00
"Q2, 25",Cost of Goods Sold,G,BAKERY ,-1210.00
"Q4, 24",Cost of Goods Sold,G,HBA ,-1184.00
"Q1, 24",Cost of Goods Sold,G,Grocery,-1159.00
"Q3, 24",Cost of Goods Sold,G,DELI ,-1132.00
"Q2, 26",Cost of Goods Sold,G,BEER ,-1118.00
"Q1, 26",Cost of Goods Sold,G,BAKERY ,-1074.00
"Q2, 26",Cost of Goods Sold,G,BAKERY ,-1059.00
"Q4, 24",Cost of Goods Sold,G,TOBACCO ,-1043.00
"Q1, 25",Cost of Goods Sold,G,Grocery,-1022.00
"Q1, 25",Cost of Goods Sold,G,DELI ,-1015.00
"Q1, 25",Cost of Goods Sold,G,BAKERY ,-994.00
"Q4, 25",Cost of Goods Sold,G,DELI ,-940.00
"Q1, 24",Cost of Goods Sold,G,HBA ,-908.00
"Q2, 26",Cost of Goods Sold,G,MEAT ,-862.00
"Q4, 25",Cost of Goods Sold,G,BAKERY ,-858.00
"Q1, 24",Cost of Goods Sold,G,DELI ,-835.00
"Q2, 24",Cost of Goods Sold,G,TOBACCO ,-823.00
"Q2, 25",Cost of Goods Sold,G,MEAT ,-763.00
"Q3, 25",Cost of Goods Sold,G,BAKERY ,-763.00
"Q3, 24",Cost of Goods Sold,G,PURCHASE DISCOUNT,-755.00
"Q4, 24",Cost of Goods Sold,G,BAKERY ,-751.00
"Q4, 24",Cost of Goods Sold,G,PURCHASE DISCOUNT,-743.00
"Q4, 25",Cost of Goods Sold,G,DELI ,-735.00
"Q1, 26",Cost of Goods Sold,G,Grocery,-710.00
"Q4, 25",Cost of Goods Sold,G,PURCHASE DISCOUNT,-705.00
"Q3, 24",Cost of Goods Sold,G,DELI ,-703.00
"Q3, 25",Cost of Goods Sold,G,PRODUCE ,-696.00
"Q1, 25",Cost of Goods Sold,G,BAKERY ,-694.00
"Q3, 25",Cost of Goods Sold,G,PURCHASE DISCOUNT,-685.00
"Q4, 24",Cost of Goods Sold,G,DELI ,-664.00
"Q2, 26",Cost of Goods Sold,G,WINE ,-658.00
"Q4, 25",Cost of Goods Sold,G,BEER ,-657.00
"Q4, 24",Cost of Goods Sold,G,HBA ,-656.00
"Q2, 24",Cost of Goods Sold,G,PURCHASE DISCOUNT,-648.00
"Q2, 24",Cost of Goods Sold,G,HBA ,-643.00
"Q2, 26",Cost of Goods Sold,G,PURCHASE DISCOUNT,-628.00
"Q2, 25",Cost of Goods Sold,G,PURCHASE DISCOUNT,-620.00
"Q1, 25",Cost of Goods Sold,G,PURCHASE DISCOUNT,-608.00
"Q2, 24",Cost of Goods Sold,G,TOBACCO ,-603.00
"Q1, 26",Cost of Goods Sold,G,PURCHASE DISCOUNT,-598.00
"Q4, 25",Cost of Goods Sold,G,MEAT ,-566.00
"Q4, 24",Cost of Goods Sold,G,Grocery,-558.00
"Q2, 26",Cost of Goods Sold,G,HBA ,-551.00
"Q4, 24",Cost of Goods Sold,G,DELI ,-549.00
"Q1, 24",Cost of Goods Sold,G,TOBACCO ,-546.00
"Q2, 25",Cost of Goods Sold,G,BAKERY ,-514.00
"Q3, 25",Cost of Goods Sold,G,Grocery,-500.00
"Q1, 26",Cost of Goods Sold,G,DELI ,-490.00
"Q2, 24",Cost of Goods Sold,G,DELI ,-469.00
"Q1, 24",Cost of Goods Sold,G,PURCHASE DISCOUNT,-447.00
"Q2, 24",Cost of Goods Sold,G,WINE ,-434.00
"Q4, 24",Cost of Goods Sold,G,TOBACCO ,-433.00
"Q1, 25",Cost of Goods Sold,G,DELI ,-423.00
"Q1, 25",Cost of Goods Sold,G,HBA ,-422.00
"Q4, 25",Cost of Goods Sold,G,HBA ,-393.00
"Q1, 26",Cost of Goods Sold,G,HBA ,-379.00
"Q3, 25",Cost of Goods Sold,G,BAKERY ,-378.00
"Q1, 24",Cost of Goods Sold,G,Dairy,-364.00
"Q1, 25",Cost of Goods Sold,G,Dairy,-358.00
"Q3, 24",Cost of Goods Sold,G,MEAT ,-342.00
"Q1, 26",Cost of Goods Sold,G,DELI ,-335.00
"Q4, 25",Cost of Goods Sold,G,Grocery,-334.00
"Q4, 24",Cost of Goods Sold,G,Dairy,-328.00
"Q1, 26",Cost of Goods Sold,G,BAKERY ,-318.00
"Q3, 24",Cost of Goods Sold,G,TOBACCO ,-313.00
"Q2, 25",Cost of Goods Sold,G,HBA ,-310.00
"Q3, 25",Cost of Goods Sold,G,HBA ,-307.00
"Q1, 26",Cost of Goods Sold,G,PRODUCE ,-306.00
"Q2, 26",Cost of Goods Sold,G,TOBACCO ,-292.00
"Q2, 26",Cost of Goods Sold,G,BEER ,-289.00
"Q1, 25",Cost of Goods Sold,G,MEAT ,-241.00
"Q2, 24",Cost of Goods Sold,G,PRODUCE ,-238.00
"Q1, 24",Cost of Goods Sold,G,MEAT ,-232.00
"Q1, 25",Cost of Goods Sold,G,TOBACCO ,-227.00
"Q3, 24",Cost of Goods Sold,G,PRODUCE ,-217.00
"Q1, 26",Cost of Goods Sold,G,DELI ,-216.00
"Q1, 25",Cost of Goods Sold,G,BAKERY ,-210.00
"Q2, 26",Cost of Goods Sold,G,PRODUCE ,-210.00
"Q2, 25",Cost of Goods Sold,G,TOBACCO ,-209.00
"Q2, 25",Cost of Goods Sold,G,WINE ,-204.00
"Q2, 24",Cost of Goods Sold,G,TOBACCO ,-184.00
"Q4, 25",Cost of Goods Sold,G,PRODUCE ,-179.00
"Q3, 24",Cost of Goods Sold,G,Grocery,-168.00
"Q2, 25",Cost of Goods Sold,G,PRODUCE ,-163.00
"Q1, 24",Cost of Goods Sold,G,TOBACCO ,-162.00
"Q3, 25",Cost of Goods Sold,G,PRODUCE ,-158.00
"Q3, 25",Cost of Goods Sold,G,TOBACCO ,-153.00
"Q2, 26",Cost of Goods Sold,G,TOBACCO ,-153.00
"Q3, 24",Cost of Goods Sold,G,WINE ,-151.00
"Q3, 25",Cost of Goods Sold,G,TOBACCO ,-150.00
"Q2, 25",Cost of Goods Sold,G,TOBACCO ,-149.00
"Q2, 26",Cost of Goods Sold,G,Grocery,-146.00
"Q1, 25",Cost of Goods Sold,G,PRODUCE ,-141.00
"Q4, 25",Cost of Goods Sold,G,BAKERY ,-140.00
"Q4, 25",Cost of Goods Sold,G,WINE ,-138.00
"Q3, 24",Cost of Goods Sold,G,TOBACCO ,-137.00
"Q4, 25",Cost of Goods Sold,G,TOBACCO ,-123.00
"Q4, 25",Cost of Goods Sold,G,PRODUCE ,-121.00
"Q1, 24",Cost of Goods Sold,G,DELI ,-116.00
"Q2, 25",Cost of Goods Sold,G,WINE ,-115.00
"Q4, 24",Cost of Goods Sold,G,BAKERY ,-114.00
"Q1, 24",Cost of Goods Sold,G,PRODUCE ,-110.00
"Q3, 24",Cost of Goods Sold,G,HBA ,-109.00
"Q4, 24",Cost of Goods Sold,G,PRODUCE ,-107.00
"Q1, 26",Cost of Goods Sold,G,BEER ,-103.00
"Q2, 26",Cost of Goods Sold,G,BAKERY ,-101.00
"Q4, 24",Cost of Goods Sold,G,TOBACCO ,-101.00
"Q1, 25",Cost of Goods Sold,G,TOBACCO ,-98.00
"Q1, 26",Cost of Goods Sold,G,TOBACCO ,-92.00
"Q3, 25",Cost of Goods Sold,G,MEAT ,-90.00
"Q2, 26",Cost of Goods Sold,G,TOBACCO ,-86.00
"Q1, 24",Cost of Goods Sold,G,HBA ,-83.00
"Q4, 24",Cost of Goods Sold,G,HBA ,-82.00
"Q1, 26",Cost of Goods Sold,G,TOBACCO ,-81.00
"Q4, 25",Cost of Goods Sold,G,TOBACCO ,-75.00
"Q3, 24",Cost of Goods Sold,G,HBA ,-64.00
"Q3, 24",Cost of Goods Sold,G,WINE ,-54.00
"Q2, 25",Cost of Goods Sold,G,FLORAL ,-46.00
"Q1, 24",Cost of Goods Sold,G,Frozen,-41.00
"Q2, 25",Cost of Goods Sold,G,PRODUCE ,-38.00
"Q2, 25",Cost of Goods Sold,G,Dairy,-38.00
"Q3, 25",Cost of Goods Sold,G,PRODUCE ,-37.00
"Q1, 25",Cost of Goods Sold,G,HBA ,-34.00
"Q2, 24",Cost of Goods Sold,G,PRODUCE ,-32.00
"Q2, 24",Cost of Goods Sold,G,HBA ,-31.00
"Q1, 25",Cost of Goods Sold,G,PRODUCE ,-31.00
"Q2, 25",Cost of Goods Sold,G,Frozen,-27.00
"Q2, 24",Cost of Goods Sold,G,Grocery,-21.00
"Q2, 26",Cost of Goods Sold,G,PRODUCE ,-20.00
"Q4, 25",Cost of Goods Sold,G,PRODUCE ,-18.00
"Q1, 26",Cost of Goods Sold,G,PRODUCE ,-15.00
"Q3, 24",Cost of Goods Sold,G,Frozen,-14.00
"Q3, 24",Cost of Goods Sold,G,PRODUCE ,-13.00
"Q4, 24",Cost of Goods Sold,G,Frozen,-9.00
"Q1, 24",Cost of Goods Sold,G,PRODUCE ,-7.00
"Q4, 24",Cost of Goods Sold,G,PRODUCE ,-7.00
"Q3, 25",Cost of Goods Sold,G,Dairy,-4.00
"Q1, 25",Sales,G,SUSHI ,0.00
"Q2, 24",Cost of Goods Sold,G,MEAT ,0.00
"Q4, 24",Cost of Goods Sold,G,MEAT ,0.00
"Q2, 26",Cost of Goods Sold,G,DELI ,0.00
"Q2, 25",Cost of Goods Sold,G,HBA ,0.00
"Q3, 25",Cost of Goods Sold,G,HBA ,0.00
"Q4, 25",Cost of Goods Sold,G,HBA ,0.00
"Q2, 24",Cost of Goods Sold,G,Dairy,0.00
"Q3, 24",Cost of Goods Sold,G,Dairy,0.00
"Q2, 24",Cost of Goods Sold,G,Frozen,0.00
"Q3, 25",Cost of Goods Sold,G,Frozen,0.00
"Q1, 25",Cost of Goods Sold,G,SUSHI ,0.00
"Q3, 25",Cost of Goods Sold,G,FLORAL ,0.00
"Q3, 25",Cost of Goods Sold,G,HBA ,0.00
"Q4, 25",Cost of Goods Sold,G,HBA ,0.00
"Q2, 25",Cost of Goods Sold,G,HBA ,0.00
"Q3, 25",Cost of Goods Sold,G,HBA ,0.00
"Q4, 25",Cost of Goods Sold,G,HBA ,0.00
"Q4, 25",Wages,G,DELI ,0.00
"Q4, 25",Wages,G,PRODUCE ,0.00
"Q2, 24",Wages,G,Grocery,0.00
"Q3, 24",Wages,G,Grocery,0.00
"Q2, 24",Wages,G,MEAT ,0.00
"Q3, 24",Wages,G,MEAT ,0.00
"Q2, 26",Wages,G,PRODUCE ,0.00
"Q4, 25",Wages,G,Store Mgr Pay,0.00
"Q2, 25",Wages,G,PRODUCE ,2.00
"Q4, 25",Cost of Goods Sold,G,Frozen,27.00
"Q4, 24",Cost of Goods Sold,G,WINE ,51.00
"Q2, 25",Wages,G,DELI ,56.00
"Q2, 26",Cost of Goods Sold,G,PRODUCE ,76.00
"Q4, 25",Cost of Goods Sold,G,FLORAL ,78.00
"Q1, 25",Wages,G,DELI ,99.00
"Q1, 25",Supplies,G,PRODUCE ,102.00
"Q1, 26",Wages,G,DELI ,125.00
"Q3, 25",Cost of Goods Sold,G,PRODUCE ,131.00
"Q2, 26",Wages,G,PRODUCE ,135.00
"Q4, 24",Wages,G,PRODUCE ,138.00
"Q1, 25",Wages,G,Grocery,191.00
"Q1, 24",Wages,G,MEAT ,224.00
"Q4, 25",Wages,G,PRODUCE ,237.00
"Q2, 26",Cost of Goods Sold,G,WINE ,242.00
"Q3, 25",Wages,G,PRODUCE ,246.00
"Q2, 26",Cost of Goods Sold,G,FLORAL ,247.00
"Q1, 26",Wages,G,PRODUCE ,255.00
"Q2, 24",Supplies,G,Grocery,283.00
"Q2, 24",Cost of Goods Sold,G,WINE ,284.00
"Q1, 26",Wages,G,Grocery,285.00
"Q3, 25",Wages,G,PRODUCE ,289.00
"Q2, 25",Wages,G,Grocery,299.00
"Q3, 25",Supplies,G,Grocery,309.00
"Q2, 25",Wages,G,PRODUCE ,312.00
"Q2, 26",Wages,G,DELI ,317.00
"Q4, 24",Wages,G,Store Mgr Pay,319.00
"Q4, 25",Wages,G,Store Mgr Pay,319.00
"Q4, 25",Wages,G,DELI ,335.00
"Q2, 24",Cost of Goods Sold,G,TOBACCO ,366.00
"Q1, 24",Wages,G,Grocery,373.00
"Q4, 24",Wages,G,PRODUCE ,376.00
"Q1, 24",Cost of Goods Sold,G,TOBACCO ,382.00
"Q4, 25",Cost of Goods Sold,G,Dairy,400.00
"Q4, 25",Wages,G,PRODUCE ,411.00
"Q1, 25",Wages,G,PRODUCE ,413.00
"Q1, 26",Supplies,G,PRODUCE ,418.00
"Q3, 25",Wages,G,DELI ,421.00
"Q4, 24",Wages,G,PRODUCE ,431.00
"Q4, 24",Wages,G,DELI ,462.00
"Q2, 26",Wages,G,Grocery,476.00
"Q3, 24",Cost of Goods Sold,G,TOBACCO ,489.00
"Q3, 24",Cost of Goods Sold,G,BEER ,522.00
"Q2, 24",Supplies,G,PRODUCE ,523.00
"Q3, 25",Wages,G,DELI ,538.00
"Q3, 25",Sales,G,FLORAL ,554.00
"Q2, 24",Cost of Goods Sold,G,HBA ,560.00
"Q4, 25",Wages,G,Grocery,578.00
"Q1, 26",Wages,G,DELI ,583.00
"Q3, 24",Wages,G,PRODUCE ,584.00
"Q4, 25",Supplies,G,Grocery,592.00
"Q3, 24",Supplies,G,PRODUCE ,592.00
"Q2, 26",Wages,G,DELI ,603.00
"Q1, 24",Cost of Goods Sold,G,HBA ,608.00
"Q2, 26",Supplies,G,Grocery,631.00
"Q4, 24",Wages,G,MEAT ,640.00
"Q1, 26",Cost of Goods Sold,G,FLORAL ,680.00
"Q4, 25",Cost of Goods Sold,G,WINE ,680.00
"Q1, 24",Cost of Goods Sold,G,TOBACCO ,682.00
"Q1, 25",Wages,G,MEAT ,721.00
"Q2, 25",Cost of Goods Sold,G,TOBACCO ,759.00
"Q2, 26",Supplies,G,PRODUCE ,776.00
"Q4, 25",Wages,G,MEAT ,783.00
"Q4, 25",Supplies,G,PRODUCE ,808.00
"Q4, 24",Cost of Goods Sold,G,BEER ,832.00
"Q1, 25",Supplies,G,Grocery,843.00
"Q2, 25",Wages,G,DELI ,896.00
"Q1, 26",Cost of Goods Sold,G,BAKERY ,938.00
"Q4, 24",Wages,G,DELI ,949.00
"Q2, 25",Supplies,G,PRODUCE ,958.00
"Q4, 25",Wages,G,DELI ,969.00
"Q2, 25",Supplies,G,Grocery,970.00
"Q2, 25",Wages,G,MEAT ,975.00
"Q4, 24",Supplies,G,PRODUCE ,980.00
"Q4, 25",Wages,G,Grocery,986.00
"Q4, 24",Supplies,G,Grocery,997.00
"Q4, 25",Wages,G,MEAT ,1006.00
"Q4, 24",Cost of Goods Sold,G,TOBACCO ,1021.00
"Q1, 25",Cost of Goods Sold,G,WINE ,1023.00
"Q3, 25",Wages,G,Grocery,1026.00
"Q4, 25",Sales,G,FLORAL ,1040.00
"Q1, 26",Supplies,G,Grocery,1048.00
"Q3, 25",Cost of Goods Sold,G,TOBACCO ,1063.00
"Q3, 25",Supplies,G,PRODUCE ,1076.00
"Q2, 26",Supplies,G,MEAT ,1083.00
"Q1, 25",Wages,G,DELI ,1091.00
"Q2, 25",Cost of Goods Sold,G,BAKERY ,1115.00
"Q1, 25",Cost of Goods Sold,G,BAKERY ,1163.00
"Q2, 26",Cost of Goods Sold,G,DELI ,1197.00
"Q3, 24",Cost of Goods Sold,G,PRODUCE ,1201.00
"Q4, 24",Cost of Goods Sold,G,WINE ,1247.00
"Q4, 24",Wages,G,DELI ,1258.00
"Q4, 24",Wages,G,Grocery,1299.00
"Q2, 25",Wages,G,Grocery,1367.00
"Q3, 25",Wages,G,MEAT ,1386.00
"Q1, 26",Cost of Goods Sold,G,TOBACCO ,1387.00
"Q1, 24",Wages,G,Store Mgr Pay,1428.00
"Q3, 24",Supplies,G,Grocery,1457.00
"Q3, 25",Wages,G,Grocery,1483.00
"Q3, 24",Wages,G,DELI ,1486.00
"Q4, 24",Sales,G,FLORAL ,1493.00
"Q1, 25",Supplies,G,DELI ,1508.00
"Q4, 24",Wages,G,Grocery,1523.00
"Q2, 26",Wages,G,MEAT ,1529.00
"Q2, 26",Cost of Goods Sold,G,BAKERY ,1548.00
"Q3, 24",Wages,G,Grocery,1572.00
"Q1, 26",Cost of Goods Sold,G,WINE ,1582.00
"Q3, 24",Wages,G,DELI ,1609.00
"Q4, 25",Supplies,G,MEAT ,1689.00
"Q1, 26",Wages,G,MEAT ,1705.00
"Q2, 26",Wages,G,MEAT ,1727.00
"Q1, 25",Wages,G,Grocery,1747.00
"Q4, 25",Supplies,G,DELI ,1770.00
"Q1, 26",Supplies,G,MEAT ,1922.00
"Q3, 25",Cost of Goods Sold,G,BEER ,2001.00
"Q2, 25",Cost of Goods Sold,G,TOBACCO ,2077.00
"Q2, 26",Supplies,G,DELI ,2137.00
"Q1, 24",Wages,G,Grocery,2161.00
"Q2, 24",Cost of Goods Sold,G,DELI ,2201.00
"Q1, 26",Cost of Goods Sold,G,BEER ,2288.00
"Q3, 25",Cost of Goods Sold,G,BAKERY ,2291.00
"Q1, 26",Supplies,G,DELI ,2300.00
"Q1, 26",Wages,G,MEAT ,2304.00
"Q3, 25",Supplies,G,MEAT ,2336.00
"Q1, 24",Cost of Goods Sold,G,WINE ,2404.00
"Q4, 24",Wages,G,MEAT ,2416.00
"Q4, 25",Cost of Goods Sold,G,BAKERY ,2469.00
"Q1, 24",Supplies,G,DELI ,2490.00
"Q2, 25",Wages,G,BAKERY ,2533.00
"Q3, 25",Cost of Goods Sold,G,WINE ,2577.00
"Q1, 25",Sales,G,FLORAL ,2578.00
"Q2, 24",Supplies,G,DELI ,2662.00
"Q2, 25",Supplies,G,DELI ,2710.00
"Q1, 25",Cost of Goods Sold,G,TOBACCO ,2722.00
"Q1, 26",Wages,G,BAKERY ,2728.00
"Q3, 25",Supplies,G,DELI ,2788.00
"Q4, 24",Supplies,G,DELI ,2830.00
"Q4, 24",Wages,G,Grocery,2839.00
"Q4, 25",Cost of Goods Sold,G,TOBACCO ,2848.00
"Q3, 25",Wages,G,Store Mgr Pay,2873.00
"Q2, 24",Cost of Goods Sold,G,BEER ,3036.00
"Q4, 25",Cost of Goods Sold,G,PRODUCE ,3089.00
"Q1, 25",Supplies,G,MEAT ,3100.00
"Q3, 24",Supplies,G,DELI ,3157.00
"Q3, 24",Wages,G,MEAT ,3250.00
"Q2, 26",Wages,G,BAKERY ,3251.00
"Q1, 24",Supplies,G,Grocery,3288.00
"Q1, 24",Wages,G,MEAT ,3304.00
"Q1, 26",Wages,G,Store Mgr Pay,3316.00
"Q4, 25",Wages,G,MEAT ,3361.00
"Q2, 25",Supplies,G,MEAT ,3382.00
"Q3, 25",Wages,G,MEAT ,3450.00
"Q4, 25",Wages,G,BAKERY ,3510.00
"Q2, 24",Cost of Goods Sold,G,BEER ,3617.00
"Q2, 25",Wages,G,MEAT ,3645.00
"Q2, 24",Cost of Goods Sold,G,HBA ,3707.00
"Q3, 24",Supplies,G,MEAT ,3747.00
"Q4, 24",Wages,G,MEAT ,3795.00
"Q2, 26",Wages,G,Grocery,3862.00
"Q3, 25",Wages,G,BAKERY ,3894.00
"Q1, 26",Sales,G,FLORAL ,3996.00
"Q3, 24",Wages,G,MEAT ,4058.00
"Q1, 26",Wages,G,Grocery,4065.00
"Q4, 25",Wages,G,Grocery,4119.00
"Q2, 25",Cost of Goods Sold,G,HBA ,4177.00
"Q1, 24",Supplies,G,MEAT ,4221.00
"Q3, 25",Wages,G,Store Mgr Pay,4256.00
"Q2, 25",Cost of Goods Sold,G,PRODUCE ,4261.00
"Q3, 24",Cost of Goods Sold,G,HBA ,4304.00
"Q4, 24",Supplies,G,MEAT ,4538.00
"Q1, 25",Cost of Goods Sold,G,DELI ,4633.00
"Q1, 25",Wages,G,MEAT ,4646.00
"Q2, 25",Cost of Goods Sold,G,DELI ,5004.00
"Q3, 25",Cost of Goods Sold,G,BEER ,5129.00
"Q3, 24",Cost of Goods Sold,G,PRODUCE ,5474.00
"Q1, 25",Cost of Goods Sold,G,BEER ,5569.00
"Q3, 25",Cost of Goods Sold,G,DELI ,5609.00
"Q2, 24",Supplies,G,MEAT ,5626.00
"Q2, 25",Wages,G,Store Mgr Pay,5673.00
"Q2, 24",Wages,G,MEAT ,5746.00
"Q1, 26",Cost of Goods Sold,G,PRODUCE ,5840.00
"Q4, 24",Cost of Goods Sold,G,DELI ,5868.00
"Q3, 25",Cost of Goods Sold,G,SUSHI ,5884.00
"Q2, 26",Sales,G,FLORAL ,6024.00
"Q2, 26",Cost of Goods Sold,G,SUSHI ,6254.00
"Q3, 24",Wages,G,Store Mgr Pay,6381.00
"Q1, 26",Cost of Goods Sold,G,DELI ,6575.00
"Q3, 24",Cost of Goods Sold,G,DELI ,6632.00
"Q2, 24",Wages,G,MEAT ,6654.00
"Q4, 25",Cost of Goods Sold,G,SUSHI ,6678.00
"Q2, 25",Sales,G,FLORAL ,6834.00
"Q2, 26",Wages,G,Store Mgr Pay,6868.00
"Q2, 24",Wages,G,Grocery,6906.00
"Q1, 26",Cost of Goods Sold,G,SUSHI ,6946.00
"Q4, 25",Cost of Goods Sold,G,DELI ,6974.00
"Q1, 24",Wages,G,MEAT ,7165.00
"Q3, 25",Sales,G,SUSHI ,7218.00
"Q4, 24",Cost of Goods Sold,G,PRODUCE ,7235.00
"Q1, 25",Wages,G,Store Mgr Pay,7249.00
"Q4, 24",Wages,G,Store Mgr Pay,7565.00
"Q4, 25",Cost of Goods Sold,G,TOBACCO ,7588.00
"Q2, 24",Wages,G,Grocery,8063.00
"Q2, 26",Cost of Goods Sold,G,MEAT ,8177.00
"Q1, 24",Cost of Goods Sold,G,WINE ,8189.00
"Q2, 24",Cost of Goods Sold,G,PRODUCE ,8421.00
"Q2, 26",Cost of Goods Sold,G,Grocery,8518.00
"Q3, 24",Wages,G,Grocery,8554.00
"Q1, 24",Cost of Goods Sold,G,BEER ,8599.00
"Q1, 25",Cost of Goods Sold,G,HBA ,8613.00
"Q1, 26",Sales,G,SUSHI ,8683.00
"Q1, 26",Wages,G,PRODUCE ,8764.00
"Q2, 25",Cost of Goods Sold,G,SUSHI ,8877.00
"Q2, 25",Wages,G,PRODUCE ,8885.00
"Q4, 25",Sales,G,SUSHI ,8969.00
"Q4, 25",Cost of Goods Sold,G,WINE ,9232.00
"Q4, 24",Cost of Goods Sold,G,WINE ,9325.00
"Q3, 25",Cost of Goods Sold,G,WINE ,9335.00
"Q1, 26",Cost of Goods Sold,G,TOBACCO ,9467.00
"Q4, 25",Wages,G,PRODUCE ,9551.00
"Q2, 26",Wages,G,PRODUCE ,9725.00
"Q2, 26",Sales,G,SUSHI ,9765.00
"Q4, 25",Cost of Goods Sold,G,HBA ,9986.00
"Q1, 26",Cost of Goods Sold,G,HBA ,10060.00
"Q1, 25",Wages,G,PRODUCE ,10064.00
"Q2, 25",Cost of Goods Sold,G,HBA ,10134.00
"Q1, 25",Cost of Goods Sold,G,PRODUCE ,10620.00
"Q2, 24",Cost of Goods Sold,G,WINE ,10829.00
"Q1, 25",Cost of Goods Sold,G,HBA ,10887.00
"Q2, 25",Cost of Goods Sold,G,WINE ,10891.00
"Q3, 25",Cost of Goods Sold,G,HBA ,11025.00
"Q4, 24",Cost of Goods Sold,G,MEAT ,11098.00
"Q2, 25",Sales,G,SUSHI ,11185.00
"Q3, 24",Cost of Goods Sold,G,WINE ,11308.00
"Q2, 26",Cost of Goods Sold,G,WINE ,11345.00
"Q1, 24",Wages,G,Grocery,11396.00
"Q1, 26",Cost of Goods Sold,G,WINE ,11780.00
"Q3, 25",Cost of Goods Sold,G,TOBACCO ,11923.00
"Q3, 24",Wages,G,PRODUCE ,11932.00
"Q3, 25",Wages,G,PRODUCE ,12027.00
"Q4, 25",Sales,G,TOBACCO ,12045.00
"Q1, 25",Cost of Goods Sold,G,WINE ,12246.00
"Q4, 24",Wages,G,PRODUCE ,12427.00
"Q1, 26",Sales,G,TOBACCO ,12565.00
"Q1, 24",Sales,G,WINE ,12691.00
"Q3, 25",Cost of Goods Sold,G,MEAT ,12963.00
"Q2, 24",Wages,G,Store Mgr Pay,12994.00
"Q4, 24",Cost of Goods Sold,G,TOBACCO ,13095.00
"Q2, 26",Cost of Goods Sold,G,TOBACCO ,13260.00
"Q2, 26",Sales,G,TOBACCO ,13562.00
"Q1, 24",Wages,G,Store Mgr Pay,13754.00
"Q1, 25",Sales,G,WINE ,13924.00
"Q1, 25",Cost of Goods Sold,G,TOBACCO ,14078.00
"Q1, 26",Sales,G,WINE ,14350.00
"Q4, 24",Sales,G,WINE ,14425.00
"Q2, 25",Cost of Goods Sold,G,MEAT ,14587.00
"Q1, 26",Sales,G,HBA ,14673.00
"Q2, 25",Cost of Goods Sold,G,TOBACCO ,14852.00
"Q3, 25",Sales,G,TOBACCO ,14922.00
"Q4, 25",Sales,G,HBA ,14934.00
"Q3, 24",Cost of Goods Sold,G,MEAT ,15082.00
"Q4, 25",Sales,G,WINE ,15249.00
"Q3, 24",Cost of Goods Sold,G,HBA ,15548.00
"Q4, 25",Wages,G,Store Mgr Pay,15551.00
"Q1, 26",Wages,G,DELI ,15641.00
"Q4, 24",Sales,G,TOBACCO ,15980.00
"Q2, 24",Sales,G,WINE ,15993.00
"Q1, 25",Sales,G,HBA ,16380.00
"Q2, 26",Sales,G,WINE ,16441.00
"Q2, 25",Sales,G,WINE ,16442.00
"Q2, 26",Wages,G,DELI ,16628.00
"Q3, 24",Wages,G,DELI ,16686.00
"Q4, 24",Cost of Goods Sold,G,HBA ,16855.00
"Q4, 25",Wages,G,DELI ,16884.00
"Q1, 25",Wages,G,DELI ,16968.00
"Q2, 25",Cost of Goods Sold,G,Grocery,17003.00
"Q3, 24",Sales,G,WINE ,17166.00
"Q3, 24",Cost of Goods Sold,G,TOBACCO ,17190.00
"Q4, 24",Wages,G,DELI ,17215.00
"Q1, 25",Sales,G,TOBACCO ,17288.00
"Q2, 24",Cost of Goods Sold,G,HBA ,17406.00
"Q3, 25",Wages,G,DELI ,18074.00
"Q2, 25",Wages,G,DELI ,18253.00
"Q1, 24",Cost of Goods Sold,G,TOBACCO ,18261.00
"Q2, 24",Cost of Goods Sold,G,TOBACCO ,18269.00
"Q1, 24",Cost of Goods Sold,G,HBA ,18297.00
"Q3, 25",Sales,G,WINE ,18325.00
"Q4, 24",Cost of Goods Sold,G,Grocery,18529.00
"Q2, 26",Sales,G,HBA ,18943.00
"Q3, 24",Wages,G,Store Mgr Pay,19154.00
"Q2, 25",Wages,G,Store Mgr Pay,19154.00
"Q2, 24",Wages,G,Store Mgr Pay,19327.00
"Q2, 25",Sales,G,TOBACCO ,19495.00
"Q4, 24",Sales,G,HBA ,19910.00
"Q1, 25",Cost of Goods Sold,G,BAKERY ,20070.00
"Q3, 24",Sales,G,TOBACCO ,20269.00
"Q1, 24",Sales,G,HBA ,20271.00
"Q1, 24",Sales,G,TOBACCO ,20392.00
"Q4, 24",Wages,G,Store Mgr Pay,20431.00
"Q2, 26",Wages,G,Store Mgr Pay,20514.00
"Q1, 25",Wages,G,Store Mgr Pay,20750.00
"Q1, 26",Wages,G,Store Mgr Pay,20750.00
"Q4, 24",Cost of Goods Sold,G,BAKERY ,20777.00
"Q2, 25",Sales,G,HBA ,20829.00
"Q2, 24",Sales,G,TOBACCO ,21224.00
"Q1, 26",Wages,G,MEAT ,21319.00
"Q3, 25",Sales,G,HBA ,21866.00
"Q2, 25",Cost of Goods Sold,G,BAKERY ,23369.00
"Q4, 24",Sales,G,BAKERY ,23848.00
"Q1, 26",Cost of Goods Sold,G,BAKERY ,23993.00
"Q3, 24",Cost of Goods Sold,G,HBA ,24087.00
"Q4, 25",Cost of Goods Sold,G,MEAT ,24832.00
"Q3, 25",Cost of Goods Sold,G,BAKERY ,25025.00
"Q4, 25",Wages,G,MEAT ,25079.00
"Q1, 25",Wages,G,MEAT ,25671.00
"Q3, 25",Wages,G,MEAT ,25671.00
"Q4, 25",Cost of Goods Sold,G,BAKERY ,25712.00
"Q3, 24",Sales,G,HBA ,26239.00
"Q2, 25",Wages,G,MEAT ,27110.00
"Q4, 25",Cost of Goods Sold,G,Grocery,27232.00
"Q2, 24",Sales,G,HBA ,27251.00
"Q2, 26",Cost of Goods Sold,G,HBA ,27408.00
"Q1, 26",Cost of Goods Sold,G,MEAT ,27529.00
"Q4, 24",Wages,G,MEAT ,27566.00
"Q2, 26",Cost of Goods Sold,G,BAKERY ,28099.00
"Q3, 24",Wages,G,MEAT ,28784.00
"Q2, 26",Wages,G,MEAT ,28901.00
"Q1, 25",Cost of Goods Sold,G,BEER ,29435.00
"Q1, 25",Cost of Goods Sold,G,MEAT ,30065.00
"Q1, 25",Sales,G,BAKERY ,30285.00
"Q1, 24",Cost of Goods Sold,G,DELI ,31085.00
"Q1, 24",Cost of Goods Sold,G,BEER ,31413.00
"Q1, 26",Cost of Goods Sold,G,BEER ,32137.00
"Q2, 25",Sales,G,BAKERY ,33683.00
"Q4, 25",Cost of Goods Sold,G,BEER ,34010.00
"Q1, 24",Wages,G,MEAT ,34151.00
"Q1, 26",Sales,G,BAKERY ,34706.00
"Q4, 25",Sales,G,BAKERY ,36420.00
"Q4, 24",Cost of Goods Sold,G,BEER ,36743.00
"Q3, 25",Sales,G,BAKERY ,37015.00
"Q1, 24",Cost of Goods Sold,G,DELI ,39644.00
"Q1, 24",Sales,G,BEER ,39856.00
"Q1, 26",Sales,G,BEER ,40042.00
"Q2, 26",Sales,G,BAKERY ,41069.00
"Q4, 25",Sales,G,BEER ,41691.00
"Q2, 24",Wages,G,MEAT ,42718.00
"Q1, 25",Sales,G,BEER ,43755.00
"Q1, 24",Cost of Goods Sold,G,PRODUCE ,46378.00
"Q4, 24",Sales,G,BEER ,46968.00
"Q4, 25",Cost of Goods Sold,G,DELI ,48294.00
"Q1, 25",Cost of Goods Sold,G,DELI ,48319.00
"Q1, 26",Cost of Goods Sold,G,Grocery,49312.00
"Q4, 24",Cost of Goods Sold,G,DELI ,50296.00
"Q1, 25",Cost of Goods Sold,G,Grocery,51057.00
"Q1, 26",Cost of Goods Sold,G,DELI ,51083.00
"Q2, 25",Cost of Goods Sold,G,BEER ,51349.00
"Q2, 26",Cost of Goods Sold,G,BEER ,51755.00
"Q2, 24",Cost of Goods Sold,G,BEER ,54050.00
"Q2, 24",Cost of Goods Sold,G,DELI ,56201.00
"Q2, 25",Cost of Goods Sold,G,DELI ,56529.00
"Q3, 25",Cost of Goods Sold,G,BEER ,57344.00
"Q3, 25",Cost of Goods Sold,G,Grocery,57552.00
"Q1, 24",Sales,G,DELI ,58188.00
"Q2, 26",Cost of Goods Sold,G,DELI ,58756.00
"Q3, 25",Cost of Goods Sold,G,DELI ,60831.00
"Q2, 25",Sales,G,BEER ,61779.00
"Q3, 24",Cost of Goods Sold,G,DELI ,62559.00
"Q2, 26",Sales,G,BEER ,64332.00
"Q3, 24",Cost of Goods Sold,G,BEER ,64437.00
"Q2, 24",Cost of Goods Sold,G,Grocery,65275.00
"Q1, 26",Sales,G,DELI ,66774.00
"Q4, 25",Sales,G,DELI ,67636.00
"Q1, 25",Sales,G,DELI ,68567.00
"Q2, 25",Sales,G,DELI ,69034.00
"Q4, 24",Sales,G,DELI ,71016.00
"Q2, 24",Sales,G,BEER ,72083.00
"Q1, 26",Wages,G,Grocery,72376.00
"Q4, 25",Cost of Goods Sold,G,PRODUCE ,72740.00
"Q3, 25",Sales,G,BEER ,74182.00
"Q4, 25",Wages,G,Grocery,74245.00
"Q1, 25",Wages,G,Grocery,74758.00
"Q2, 25",Wages,G,Grocery,75011.00
"Q2, 26",Wages,G,Grocery,75101.00
"Q4, 24",Wages,G,Grocery,76887.00
"Q3, 25",Wages,G,Grocery,77137.00
"Q3, 24",Wages,G,Grocery,78190.00
"Q3, 24",Cost of Goods Sold,G,Grocery,78309.00
"Q1, 24",Wages,G,Grocery,78320.00
"Q2, 26",Sales,G,DELI ,79250.00
"Q1, 25",Cost of Goods Sold,G,PRODUCE ,80753.00
"Q3, 24",Sales,G,BEER ,81198.00
"Q1, 26",Cost of Goods Sold,G,PRODUCE ,81547.00
"Q2, 24",Sales,G,DELI ,83181.00
"Q3, 24",Sales,G,DELI ,84510.00
"Q3, 25",Sales,G,DELI ,87285.00
"Q1, 24",Cost of Goods Sold,G,PRODUCE ,87575.00
"Q4, 24",Cost of Goods Sold,G,PRODUCE ,88428.00
"Q2, 24",Wages,G,Grocery,91239.00
"Q2, 25",Cost of Goods Sold,G,PRODUCE ,94902.00
"Q4, 25",Sales,G,PRODUCE ,102754.00
"Q3, 25",Cost of Goods Sold,G,PRODUCE ,106615.00
"Q2, 24",Cost of Goods Sold,G,PRODUCE ,111377.00
"Q2, 26",Cost of Goods Sold,G,PRODUCE ,111694.00
"Q3, 24",Cost of Goods Sold,G,PRODUCE ,114420.00
"Q1, 24",Cost of Goods Sold,G,MEAT ,114838.00
"Q1, 25",Sales,G,PRODUCE ,116826.00
"Q1, 26",Sales,G,PRODUCE ,117309.00
"Q4, 24",Sales,G,PRODUCE ,118836.00
"Q1, 24",Sales,G,PRODUCE ,135522.00
"Q2, 25",Sales,G,PRODUCE ,135808.00
"Q3, 25",Sales,G,PRODUCE ,151986.00
"Q2, 26",Sales,G,PRODUCE ,154279.00
"Q2, 24",Sales,G,PRODUCE ,170754.00
"Q3, 24",Sales,G,PRODUCE ,170949.00
"Q1, 24",Cost of Goods Sold,G,MEAT ,264095.00
"Q4, 25",Cost of Goods Sold,G,MEAT ,282259.00
"Q1, 26",Cost of Goods Sold,G,MEAT ,288157.00
"Q1, 25",Cost of Goods Sold,G,MEAT ,290341.00
"Q2, 26",Cost of Goods Sold,G,MEAT ,315794.00
"Q2, 25",Cost of Goods Sold,G,MEAT ,318671.00
"Q4, 24",Cost of Goods Sold,G,MEAT ,320731.00
"Q3, 24",Cost of Goods Sold,G,MEAT ,321450.00
"Q3, 25",Cost of Goods Sold,G,MEAT ,324096.00
"Q1, 24",Cost of Goods Sold,G,Grocery,329483.00
"Q2, 24",Cost of Goods Sold,G,MEAT ,333757.00
"Q1, 24",Sales,G,MEAT ,344665.00
"Q1, 25",Sales,G,MEAT ,388763.00
"Q1, 26",Sales,G,MEAT ,389397.00
"Q4, 25",Sales,G,MEAT ,395186.00
"Q2, 26",Sales,G,MEAT ,420427.00
"Q2, 24",Sales,G,MEAT ,423258.00
"Q4, 24",Sales,G,MEAT ,425348.00
"Q2, 25",Sales,G,MEAT ,429834.00
"Q3, 24",Sales,G,MEAT ,434922.00
"Q3, 25",Sales,G,MEAT ,436482.00
"Q1, 26",Cost of Goods Sold,G,Grocery,536726.00
"Q1, 25",Cost of Goods Sold,G,Grocery,549566.00
"Q4, 25",Cost of Goods Sold,G,Grocery,580062.00
"Q1, 24",Cost of Goods Sold,G,Grocery,581188.00
"Q2, 26",Cost of Goods Sold,G,Grocery,598178.00
"Q2, 25",Cost of Goods Sold,G,Grocery,617039.00
"Q3, 25",Cost of Goods Sold,G,Grocery,626459.00
"Q4, 24",Cost of Goods Sold,G,Grocery,631702.00
"Q2, 24",Cost of Goods Sold,G,Grocery,668068.00
"Q3, 24",Cost of Goods Sold,G,Grocery,675671.00
"Q1, 26",Sales,G,Grocery,722963.00
"Q4, 25",Sales,G,Grocery,730308.00
"Q1, 25",Sales,G,Grocery,736725.00
"Q2, 26",Sales,G,Grocery,769513.00
"Q2, 25",Sales,G,Grocery,774984.00
"Q1, 24",Sales,G,Grocery,783029.00
"Q4, 24",Sales,G,Grocery,788802.00
"Q3, 25",Sales,G,Grocery,843615.00
"Q2, 24",Sales,G,Grocery,894087.00
"Q3, 24",Sales,G,Grocery,937215.00
"Q4, 25",Cost of Goods Sold,H,Grocery,-122555.00
"Q1, 24",Cost of Goods Sold,H,Grocery,-51482.00
"Q4, 24",Cost of Goods Sold,H,Grocery,-48510.00
"Q2, 24",Cost of Goods Sold,H,Grocery,-32355.00
"Q1, 24",Cost of Goods Sold,H,MEAT ,-28553.00
"Q2, 26",Cost of Goods Sold,H,Grocery,-21897.00
"Q2, 25",Cost of Goods Sold,H,Grocery,-20031.00
"Q1, 26",Cost of Goods Sold,H,Grocery,-18572.00
"Q4, 25",Cost of Goods Sold,H,Grocery,-18382.00
"Q4, 25",Cost of Goods Sold,H,MEAT ,-17485.00
"Q4, 24",Cost of Goods Sold,H,Grocery,-13445.00
"Q3, 24",Cost of Goods Sold,H,Grocery,-13038.00
"Q2, 25",Cost of Goods Sold,H,Grocery,-12715.00
"Q1, 25",Cost of Goods Sold,H,Grocery,-12694.00
"Q3, 25",Cost of Goods Sold,H,Grocery,-12239.00
"Q3, 24",Cost of Goods Sold,H,Grocery,-12188.00
"Q3, 25",Cost of Goods Sold,H,Grocery,-12167.00
"Q2, 24",Cost of Goods Sold,H,Grocery,-12128.00
"Q4, 24",Cost of Goods Sold,H,Grocery,-11755.00
"Q1, 24",Cost of Goods Sold,H,Grocery,-11539.00
"Q1, 26",Cost of Goods Sold,H,Grocery,-11152.00
"Q1, 24",Cost of Goods Sold,H,PRODUCE ,-10519.00
"Q1, 25",Cost of Goods Sold,H,MEAT ,-10435.00
"Q4, 25",Cost of Goods Sold,H,Grocery,-10305.00
"Q2, 26",Cost of Goods Sold,H,Grocery,-9976.00
"Q1, 24",Cost of Goods Sold,H,Grocery,-8758.00
"Q1, 26",Cost of Goods Sold,H,Grocery,-8142.00
"Q2, 26",Cost of Goods Sold,H,DELI ,-7970.00
"Q2, 26",Cost of Goods Sold,H,Grocery,-7944.00
"Q2, 24",Cost of Goods Sold,H,Grocery,-7627.00
"Q1, 26",Cost of Goods Sold,H,MEAT ,-6789.00
"Q1, 25",Cost of Goods Sold,H,Grocery,-6502.00
"Q2, 25",Cost of Goods Sold,H,Grocery,-6240.00
"Q4, 25",Cost of Goods Sold,H,PRODUCE ,-5947.00
"Q3, 24",Cost of Goods Sold,H,Grocery,-5573.00
"Q3, 25",Cost of Goods Sold,H,Grocery,-5099.00
"Q4, 25",Cost of Goods Sold,H,BAKERY ,-4838.00
"Q1, 24",Cost of Goods Sold,H,MEAT ,-4669.00
"Q4, 24",Cost of Goods Sold,H,PRODUCE ,-4352.00
"Q2, 26",Cost of Goods Sold,H,MEAT ,-3987.00
"Q4, 25",Cost of Goods Sold,H,MEAT ,-3737.00
"Q2, 24",Cost of Goods Sold,H,HBA ,-3642.00
"Q3, 25",Cost of Goods Sold,H,MEAT ,-3459.00
"Q3, 24",Cost of Goods Sold,H,MEAT ,-3404.00
"Q2, 25",Cost of Goods Sold,H,MEAT ,-3387.00
"Q1, 25",Cost of Goods Sold,H,MEAT ,-3306.00
"Q4, 24",Cost of Goods Sold,H,MEAT ,-3200.00
"Q2, 24",Cost of Goods Sold,H,MEAT ,-3132.00
"Q1, 26",Cost of Goods Sold,H,MEAT ,-3125.00
"Q2, 26",Cost of Goods Sold,H,Grocery,-3123.00
"Q4, 24",Cost of Goods Sold,H,MEAT ,-3075.00
"Q4, 24",Cost of Goods Sold,H,MEAT ,-3041.00
"Q3, 24",Cost of Goods Sold,H,MEAT ,-3010.00
"Q2, 24",Cost of Goods Sold,H,MEAT ,-2911.00
"Q1, 26",Cost of Goods Sold,H,PRODUCE ,-2834.00
"Q2, 24",Cost of Goods Sold,H,MEAT ,-2662.00
"Q4, 25",Cost of Goods Sold,H,DELI ,-2610.00
"Q1, 25",Cost of Goods Sold,H,MEAT ,-2578.00
"Q1, 25",Cost of Goods Sold,H,PRODUCE ,-2578.00
"Q4, 24",Cost of Goods Sold,H,BAKERY ,-2395.00
"Q3, 24",Cost of Goods Sold,H,MEAT ,-2383.00
"Q2, 26",Cost of Goods Sold,H,MEAT ,-2380.00
"Q2, 25",Cost of Goods Sold,H,MEAT ,-2366.00
"Q4, 24",Cost of Goods Sold,H,BAKERY ,-2353.00
"Q3, 25",Cost of Goods Sold,H,MEAT ,-2235.00
"Q3, 24",Cost of Goods Sold,H,PRODUCE ,-2213.00
"Q1, 26",Cost of Goods Sold,H,DELI ,-2195.00
"Q2, 25",Cost of Goods Sold,H,MEAT ,-2128.00
"Q1, 25",Cost of Goods Sold,H,Grocery,-2057.00
"Q2, 26",Cost of Goods Sold,H,MEAT ,-1988.00
"Q4, 25",Cost of Goods Sold,H,MEAT ,-1849.00
"Q4, 25",Cost of Goods Sold,H,TOBACCO ,-1794.00
"Q1, 26",Cost of Goods Sold,H,MEAT ,-1720.00
"Q1, 25",Cost of Goods Sold,H,TOBACCO ,-1669.00
"Q2, 25",Cost of Goods Sold,H,BEER ,-1650.00
"Q1, 24",Cost of Goods Sold,H,MEAT ,-1520.00
"Q1, 26",Cost of Goods Sold,H,BAKERY ,-1465.00
"Q1, 25",Cost of Goods Sold,H,Grocery,-1448.00
"Q2, 26",Cost of Goods Sold,H,DELI ,-1375.00
"Q4, 24",Cost of Goods Sold,H,DELI ,-1365.00
"Q2, 26",Cost of Goods Sold,H,MEAT ,-1344.00
"Q3, 24",Cost of Goods Sold,H,Grocery,-1288.00
"Q2, 25",Cost of Goods Sold,H,PRODUCE ,-1273.00
"Q2, 25",Cost of Goods Sold,H,Grocery,-1269.00
"Q1, 25",Cost of Goods Sold,H,DELI ,-1208.00
"Q3, 25",Cost of Goods Sold,H,BAKERY ,-1205.00
"Q2, 25",Cost of Goods Sold,H,TOBACCO ,-1184.00
"Q3, 25",Cost of Goods Sold,H,PRODUCE ,-1106.00
"Q2, 26",Cost of Goods Sold,H,BAKERY ,-1088.00
"Q2, 24",Cost of Goods Sold,H,MEAT ,-1033.00
"Q2, 25",Cost of Goods Sold,H,DELI ,-1028.00
"Q2, 24",Cost of Goods Sold,H,HBA ,-1011.00
"Q4, 25",Cost of Goods Sold,H,BEER ,-997.00
"Q1, 26",Cost of Goods Sold,H,MEAT ,-988.00
"Q3, 25",Cost of Goods Sold,H,BEER ,-959.00
"Q1, 25",Cost of Goods Sold,H,HBA ,-942.00
"Q2, 26",Cost of Goods Sold,H,PRODUCE ,-921.00
"Q3, 24",Cost of Goods Sold,H,TOBACCO ,-890.00
"Q4, 24",Cost of Goods Sold,H,Grocery,-888.00
"Q4, 25",Cost of Goods Sold,H,Grocery,-880.00
"Q4, 25",Cost of Goods Sold,H,BEER ,-856.00
"Q1, 25",Cost of Goods Sold,H,BAKERY ,-841.00
"Q4, 24",Cost of Goods Sold,H,HBA ,-804.00
"Q1, 25",Cost of Goods Sold,H,Dairy,-713.00
"Q4, 24",Cost of Goods Sold,H,BAKERY ,-602.00
"Q4, 24",Cost of Goods Sold,H,HBA ,-569.00
"Q4, 25",Cost of Goods Sold,H,HBA ,-546.00
"Q1, 25",Cost of Goods Sold,H,BAKERY ,-546.00
"Q3, 25",Cost of Goods Sold,H,BAKERY ,-546.00
"Q2, 25",Cost of Goods Sold,H,BAKERY ,-538.00
"Q2, 25",Cost of Goods Sold,H,BAKERY ,-498.00
"Q2, 24",Cost of Goods Sold,H,TOBACCO ,-486.00
"Q3, 25",Cost of Goods Sold,H,DELI ,-484.00
"Q2, 26",Cost of Goods Sold,H,MEAT ,-473.00
"Q2, 25",Cost of Goods Sold,H,TOBACCO ,-467.00
"Q2, 26",Cost of Goods Sold,H,BEER ,-455.00
"Q3, 24",Cost of Goods Sold,H,PURCHASE DISCOUNT,-442.00
"Q1, 26",Cost of Goods Sold,H,BAKERY ,-436.00
"Q3, 25",Cost of Goods Sold,H,PURCHASE DISCOUNT,-429.00
"Q3, 25",Cost of Goods Sold,H,DELI ,-422.00
"Q1, 25",Cost of Goods Sold,H,PURCHASE DISCOUNT,-417.00
"Q2, 25",Cost of Goods Sold,H,DELI ,-411.00
"Q4, 24",Cost of Goods Sold,H,PURCHASE DISCOUNT,-409.00
"Q2, 24",Cost of Goods Sold,H,PURCHASE DISCOUNT,-397.00
"Q2, 26",Cost of Goods Sold,H,BAKERY ,-371.00
"Q2, 25",Cost of Goods Sold,H,PURCHASE DISCOUNT,-370.00
"Q2, 25",Cost of Goods Sold,H,MEAT ,-368.00
"Q1, 24",Cost of Goods Sold,H,PURCHASE DISCOUNT,-365.00
"Q2, 26",Cost of Goods Sold,H,PURCHASE DISCOUNT,-352.00
"Q1, 26",Cost of Goods Sold,H,PURCHASE DISCOUNT,-339.00
"Q4, 25",Cost of Goods Sold,H,MEAT ,-311.00
"Q4, 25",Cost of Goods Sold,H,PURCHASE DISCOUNT,-297.00
"Q3, 25",Cost of Goods Sold,H,Grocery,-275.00
"Q4, 25",Cost of Goods Sold,H,BAKERY ,-275.00
"Q1, 26",Cost of Goods Sold,H,Grocery,-260.00
"Q3, 25",Cost of Goods Sold,H,TOBACCO ,-252.00
"Q1, 26",Cost of Goods Sold,H,TOBACCO ,-250.00
"Q1, 25",Cost of Goods Sold,H,MEAT ,-241.00
"Q2, 25",Cost of Goods Sold,H,DELI ,-237.00
"Q2, 25",Cost of Goods Sold,H,BAKERY ,-182.00
"Q1, 25",Cost of Goods Sold,H,DELI ,-172.00
"Q4, 25",Cost of Goods Sold,H,DELI ,-167.00
"Q1, 24",Cost of Goods Sold,H,Dairy,-158.00
"Q2, 24",Cost of Goods Sold,H,TOBACCO ,-151.00
"Q3, 24",Cost of Goods Sold,H,MEAT ,-137.00
"Q1, 24",Cost of Goods Sold,H,TOBACCO ,-136.00
"Q3, 24",Cost of Goods Sold,H,TOBACCO ,-134.00
"Q1, 26",Cost of Goods Sold,H,PRODUCE ,-128.00
"Q4, 24",Cost of Goods Sold,H,TOBACCO ,-126.00
"Q2, 24",Cost of Goods Sold,H,TOBACCO ,-125.00
"Q3, 25",Cost of Goods Sold,H,TOBACCO ,-112.00
"Q2, 26",Cost of Goods Sold,H,PRODUCE ,-112.00
"Q2, 24",Cost of Goods Sold,H,HBA ,-109.00
"Q4, 24",Cost of Goods Sold,H,TOBACCO ,-108.00
"Q1, 25",Cost of Goods Sold,H,DELI ,-102.00
"Q1, 25",Cost of Goods Sold,H,BAKERY ,-101.00
"Q2, 25",Cost of Goods Sold,H,TOBACCO ,-99.00
"Q1, 25",Cost of Goods Sold,H,HBA ,-98.00
"Q4, 24",Cost of Goods Sold,H,DELI ,-92.00
"Q4, 25",Cost of Goods Sold,H,BAKERY ,-90.00
"Q1, 26",Cost of Goods Sold,H,DELI ,-88.00
"Q1, 25",Cost of Goods Sold,H,TOBACCO ,-84.00
"Q2, 25",Cost of Goods Sold,H,PRODUCE ,-84.00
"Q4, 25",Cost of Goods Sold,H,TOBACCO ,-82.00
"Q1, 24",Cost of Goods Sold,H,TOBACCO ,-79.00
"Q4, 24",Cost of Goods Sold,H,DELI ,-79.00
"Q3, 24",Cost of Goods Sold,H,TOBACCO ,-78.00
"Q1, 24",Cost of Goods Sold,H,HBA ,-75.00
"Q1, 26",Cost of Goods Sold,H,TOBACCO ,-75.00
"Q3, 24",Cost of Goods Sold,H,PRODUCE ,-75.00
"Q2, 24",Cost of Goods Sold,H,PRODUCE ,-74.00
"Q4, 24",Cost of Goods Sold,H,PRODUCE ,-71.00
"Q1, 24",Cost of Goods Sold,H,Grocery,-69.00
"Q1, 26",Cost of Goods Sold,H,BAKERY ,-67.00
"Q4, 25",Cost of Goods Sold,H,DELI ,-65.00
"Q3, 25",Cost of Goods Sold,H,BAKERY ,-65.00
"Q2, 26",Cost of Goods Sold,H,TOBACCO ,-65.00
"Q4, 25",Cost of Goods Sold,H,PRODUCE ,-64.00
"Q3, 25",Cost of Goods Sold,H,PRODUCE ,-62.00
"Q1, 25",Cost of Goods Sold,H,TOBACCO ,-57.00
"Q1, 24",Cost of Goods Sold,H,PRODUCE ,-57.00
"Q2, 24",Cost of Goods Sold,H,PRODUCE ,-57.00
"Q2, 25",Cost of Goods Sold,H,TOBACCO ,-52.00
"Q2, 26",Cost of Goods Sold,H,PRODUCE ,-52.00
"Q3, 25",Cost of Goods Sold,H,MEAT ,-49.00
"Q1, 25",Cost of Goods Sold,H,PRODUCE ,-49.00
"Q3, 25",Cost of Goods Sold,H,HBA ,-48.00
"Q2, 26",Cost of Goods Sold,H,HBA ,-48.00
"Q2, 24",Cost of Goods Sold,H,Dairy,-41.00
"Q3, 25",Cost of Goods Sold,H,TOBACCO ,-38.00
"Q4, 25",Cost of Goods Sold,H,TOBACCO ,-35.00
"Q1, 26",Cost of Goods Sold,H,DELI ,-35.00
"Q4, 24",Cost of Goods Sold,H,BAKERY ,-33.00
"Q3, 24",Cost of Goods Sold,H,HBA ,-33.00
"Q2, 25",Cost of Goods Sold,H,HBA ,-33.00
"Q2, 26",Cost of Goods Sold,H,TOBACCO ,-31.00
"Q1, 26",Cost of Goods Sold,H,TOBACCO ,-29.00
"Q1, 25",Cost of Goods Sold,H,PRODUCE ,-27.00
"Q4, 25",Cost of Goods Sold,H,PRODUCE ,-23.00
"Q4, 24",Cost of Goods Sold,H,HBA ,-20.00
"Q2, 26",Cost of Goods Sold,H,DELI ,-16.00
"Q4, 24",Cost of Goods Sold,H,PRODUCE ,-14.00
"Q3, 24",Cost of Goods Sold,H,HBA ,-12.00
"Q3, 25",Cost of Goods Sold,H,PRODUCE ,-12.00
"Q2, 26",Cost of Goods Sold,H,BAKERY ,-12.00
"Q1, 26",Cost of Goods Sold,H,HBA ,-12.00
"Q1, 24",Cost of Goods Sold,H,HBA ,-9.00
"Q2, 24",Cost of Goods Sold,H,Grocery,-7.00
"Q1, 24",Cost of Goods Sold,H,PRODUCE ,-7.00
"Q1, 25",Cost of Goods Sold,H,HBA ,-5.00
"Q2, 24",Cost of Goods Sold,H,HBA ,-3.00
"Q2, 26",Cost of Goods Sold,H,PRODUCE ,-3.00
"Q3, 25",Cost of Goods Sold,H,Dairy,-3.00
"Q3, 24",Cost of Goods Sold,H,PRODUCE ,-2.00
"Q2, 26",Cost of Goods Sold,H,Grocery,0.00
"Q4, 24",Cost of Goods Sold,H,MEAT ,0.00
"Q2, 25",Cost of Goods Sold,H,HBA ,0.00
"Q3, 25",Cost of Goods Sold,H,HBA ,0.00
"Q4, 25",Cost of Goods Sold,H,HBA ,0.00
"Q2, 24",Cost of Goods Sold,H,PRODUCE ,0.00
"Q2, 25",Cost of Goods Sold,H,PRODUCE ,0.00
"Q3, 24",Cost of Goods Sold,H,Dairy,0.00
"Q4, 24",Cost of Goods Sold,H,Dairy,0.00
"Q2, 25",Cost of Goods Sold,H,Dairy,0.00
"Q3, 25",Cost of Goods Sold,H,FLORAL ,0.00
"Q4, 24",Cost of Goods Sold,H,HBA ,0.00
"Q3, 25",Cost of Goods Sold,H,HBA ,0.00
"Q4, 25",Cost of Goods Sold,H,HBA ,0.00
"Q2, 25",Cost of Goods Sold,H,HBA ,0.00
"Q3, 25",Cost of Goods Sold,H,HBA ,0.00
"Q4, 25",Cost of Goods Sold,H,HBA ,0.00
"Q3, 25",Supplies,H,DELI ,0.00
"Q4, 25",Supplies,H,DELI ,0.00
"Q2, 24",Wages,H,Store Mgr Pay,0.00
"Q3, 24",Wages,H,Store Mgr Pay,0.00
"Q4, 24",Wages,H,Store Mgr Pay,0.00
"Q2, 24",Wages,H,Grocery,0.00
"Q3, 24",Wages,H,Grocery,0.00
"Q2, 24",Wages,H,MEAT ,0.00
"Q3, 24",Wages,H,MEAT ,0.00
"Q2, 24",Wages,H,Store Mgr Pay,0.00
"Q3, 24",Wages,H,Store Mgr Pay,0.00
"Q3, 24",Wages,H,Grocery,0.00
"Q4, 24",Wages,H,Grocery,0.00
"Q4, 25",Wages,H,Grocery,17.00
"Q3, 25",Cost of Goods Sold,H,DELI ,18.00
"Q4, 25",Cost of Goods Sold,H,FLORAL ,20.00
"Q3, 25",Cost of Goods Sold,H,DELI ,23.00
"Q1, 25",Supplies,H,PRODUCE ,42.00
"Q3, 25",Cost of Goods Sold,H,MEAT ,46.00
"Q1, 24",Wages,H,Store Mgr Pay,69.00
"Q1, 24",Wages,H,MEAT ,86.00
"Q4, 24",Cost of Goods Sold,H,DELI ,103.00
"Q4, 25",Sales,H,FLORAL ,115.00
"Q2, 24",Cost of Goods Sold,H,TOBACCO ,116.00
"Q2, 25",Supplies,H,DELI ,145.00
"Q2, 25",Supplies,H,MEAT ,149.00
"Q2, 25",Supplies,H,PRODUCE ,151.00
"Q2, 25",Cost of Goods Sold,H,MEAT ,153.00
"Q2, 25",Cost of Goods Sold,H,BEER ,158.00
"Q2, 25",Cost of Goods Sold,H,FLORAL ,168.00
"Q4, 24",Wages,H,PRODUCE ,174.00
"Q4, 25",Supplies,H,Grocery,176.00
"Q4, 25",Wages,H,PRODUCE ,180.00
"Q1, 24",Wages,H,Grocery,183.00
"Q4, 25",Supplies,H,PRODUCE ,204.00
"Q4, 24",Cost of Goods Sold,H,TOBACCO ,214.00
"Q3, 25",Sales,H,FLORAL ,224.00
"Q1, 25",Supplies,H,Grocery,254.00
"Q4, 24",Supplies,H,PRODUCE ,265.00
"Q3, 25",Supplies,H,PRODUCE ,326.00
"Q4, 25",Supplies,H,MEAT ,330.00
"Q3, 25",Cost of Goods Sold,H,BEER ,343.00
"Q2, 26",Cost of Goods Sold,H,TOBACCO ,354.00
"Q1, 26",Cost of Goods Sold,H,BEER ,356.00
"Q1, 24",Cost of Goods Sold,H,TOBACCO ,364.00
"Q4, 24",Sales,H,FLORAL ,370.00
"Q4, 24",Wages,H,MEAT ,390.00
"Q4, 25",Wages,H,MEAT ,395.00
"Q3, 25",Supplies,H,Grocery,396.00
"Q4, 25",Wages,H,Store Mgr Pay,400.00
"Q1, 24",Cost of Goods Sold,H,TOBACCO ,405.00
"Q4, 24",Wages,H,Store Mgr Pay,425.00
"Q4, 24",Wages,H,PRODUCE ,426.00
"Q3, 25",Supplies,H,MEAT ,455.00
"Q1, 26",Wages,H,BAKERY ,458.00
"Q1, 26",Wages,H,PRODUCE ,465.00
"Q2, 26",Wages,H,PRODUCE ,466.00
"Q4, 24",Wages,H,PRODUCE ,477.00
"Q1, 26",Cost of Goods Sold,H,BEER ,479.00
"Q1, 25",Wages,H,PRODUCE ,480.00
"Q2, 26",Supplies,H,PRODUCE ,482.00
"Q1, 24",Cost of Goods Sold,H,HBA ,491.00
"Q2, 25",Cost of Goods Sold,H,BAKERY ,492.00
"Q3, 25",Wages,H,MEAT ,495.00
"Q4, 25",Wages,H,Grocery,499.00
"Q4, 24",Wages,H,Grocery,511.00
"Q1, 26",Supplies,H,MEAT ,528.00
"Q2, 25",Wages,H,PRODUCE ,528.00
"Q4, 25",Wages,H,PRODUCE ,542.00
"Q2, 26",Supplies,H,Grocery,551.00
"Q3, 24",Supplies,H,MEAT ,563.00
"Q2, 25",Wages,H,PRODUCE ,568.00
"Q3, 25",Wages,H,PRODUCE ,574.00
"Q1, 25",Wages,H,PRODUCE ,593.00
"Q3, 24",Wages,H,PRODUCE ,604.00
"Q3, 24",Wages,H,PRODUCE ,620.00
"Q1, 26",Sales,H,FLORAL ,622.00
"Q3, 24",Cost of Goods Sold,H,TOBACCO ,645.00
"Q4, 24",Cost of Goods Sold,H,TOBACCO ,648.00
"Q1, 24",Wages,H,Grocery,654.00
"Q2, 24",Cost of Goods Sold,H,PRODUCE ,658.00
"Q1, 26",Supplies,H,Grocery,658.00
"Q2, 26",Cost of Goods Sold,H,BAKERY ,664.00
"Q2, 26",Supplies,H,MEAT ,670.00
"Q2, 26",Wages,H,BAKERY ,670.00
"Q1, 26",Supplies,H,PRODUCE ,678.00
"Q4, 25",Cost of Goods Sold,H,Dairy,716.00
"Q4, 25",Wages,H,PRODUCE ,734.00
"Q2, 25",Supplies,H,Grocery,773.00
"Q2, 25",Sales,H,FLORAL ,777.00
"Q2, 25",Wages,H,MEAT ,779.00
"Q1, 26",Wages,H,PRODUCE ,779.00
"Q2, 25",Cost of Goods Sold,H,DELI ,824.00
"Q3, 25",Wages,H,Grocery,828.00
"Q1, 25",Wages,H,Grocery,830.00
"Q4, 25",Wages,H,MEAT ,852.00
"Q2, 25",Wages,H,MEAT ,862.00
"Q4, 24",Supplies,H,Grocery,867.00
"Q1, 24",Cost of Goods Sold,H,HBA ,885.00
"Q1, 24",Supplies,H,MEAT ,888.00
"Q2, 24",Wages,H,Grocery,909.00
"Q2, 26",Wages,H,PRODUCE ,921.00
"Q1, 25",Cost of Goods Sold,H,HBA ,927.00
"Q2, 25",Wages,H,Grocery,951.00
"Q3, 25",Wages,H,MEAT ,977.00
"Q3, 25",Wages,H,PRODUCE ,990.00
"Q3, 25",Cost of Goods Sold,H,BAKERY ,1007.00
"Q1, 26",Wages,H,MEAT ,1013.00
"Q1, 25",Supplies,H,MEAT ,1031.00
"Q4, 24",Supplies,H,MEAT ,1052.00
"Q3, 25",Cost of Goods Sold,H,TOBACCO ,1056.00
"Q1, 26",Wages,H,MEAT ,1064.00
"Q3, 25",Cost of Goods Sold,H,PRODUCE ,1073.00
"Q2, 26",Wages,H,MEAT ,1088.00
"Q4, 24",Sales,H,DELI ,1138.00
"Q1, 25",Wages,H,MEAT ,1158.00
"Q1, 25",Wages,H,MEAT ,1173.00
"Q2, 26",Cost of Goods Sold,H,TOBACCO ,1216.00
"Q2, 26",Cost of Goods Sold,H,BEER ,1231.00
"Q1, 24",Wages,H,Grocery,1234.00
"Q1, 26",Cost of Goods Sold,H,BAKERY ,1283.00
"Q3, 24",Cost of Goods Sold,H,HBA ,1287.00
"Q1, 25",Sales,H,FLORAL ,1294.00
"Q1, 26",Cost of Goods Sold,H,TOBACCO ,1364.00
"Q2, 26",Wages,H,MEAT ,1372.00
"Q4, 25",Wages,H,MEAT ,1379.00
"Q4, 24",Wages,H,Grocery,1385.00
"Q2, 24",Wages,H,Grocery,1434.00
"Q2, 25",Cost of Goods Sold,H,HBA ,1498.00
"Q1, 24",Wages,H,MEAT ,1533.00
"Q3, 24",Wages,H,MEAT ,1541.00
"Q4, 24",Wages,H,MEAT ,1559.00
"Q3, 24",Wages,H,Grocery,1580.00
"Q2, 24",Wages,H,MEAT ,1650.00
"Q2, 26",Sales,H,FLORAL ,1651.00
"Q1, 25",Cost of Goods Sold,H,BAKERY ,1703.00
"Q2, 25",Cost of Goods Sold,H,PRODUCE ,1742.00
"Q2, 25",Cost of Goods Sold,H,HBA ,1760.00
"Q1, 26",Cost of Goods Sold,H,DELI ,1760.00
"Q2, 24",Supplies,H,MEAT ,1902.00
"Q3, 25",Cost of Goods Sold,H,MEAT ,1938.00
"Q1, 24",Wages,H,MEAT ,1954.00
"Q2, 25",Sales,H,BEER ,1985.00
"Q2, 25",Wages,H,Store Mgr Pay,2006.00
"Q4, 24",Wages,H,MEAT ,2040.00
"Q1, 24",Supplies,H,Grocery,2041.00
"Q1, 25",Cost of Goods Sold,H,DELI ,2109.00
"Q3, 25",Cost of Goods Sold,H,HBA ,2152.00
"Q3, 25",Wages,H,Store Mgr Pay,2169.00
"Q2, 26",Cost of Goods Sold,H,HBA ,2217.00
"Q3, 24",Wages,H,MEAT ,2308.00
"Q3, 24",Cost of Goods Sold,H,HBA ,2403.00
"Q1, 26",Cost of Goods Sold,H,HBA ,2406.00
"Q4, 25",Sales,H,HBA ,2461.00
"Q1, 25",Wages,H,Store Mgr Pay,2533.00
"Q1, 26",Wages,H,Store Mgr Pay,2565.00
"Q1, 24",Cost of Goods Sold,H,HBA ,2602.00
"Q3, 24",Supplies,H,Grocery,2669.00
"Q4, 24",Cost of Goods Sold,H,DELI ,2677.00
"Q4, 25",Cost of Goods Sold,H,DELI ,2689.00
"Q2, 25",Cost of Goods Sold,H,BEER ,2694.00
"Q2, 24",Wages,H,MEAT ,2740.00
"Q1, 25",Cost of Goods Sold,H,TOBACCO ,2760.00
"Q1, 24",Wages,H,Store Mgr Pay,2843.00
"Q1, 25",Sales,H,DELI ,2929.00
"Q4, 25",Sales,H,TOBACCO ,2984.00
"Q2, 24",Supplies,H,Grocery,2988.00
"Q3, 24",Cost of Goods Sold,H,PRODUCE ,3044.00
"Q4, 24",Cost of Goods Sold,H,PRODUCE ,3137.00
"Q2, 26",Cost of Goods Sold,H,TOBACCO ,3148.00
"Q1, 25",Cost of Goods Sold,H,PRODUCE ,3152.00
"Q1, 25",Cost of Goods Sold,H,DELI ,3269.00
"Q3, 24",Cost of Goods Sold,H,MEAT ,3282.00
"Q4, 25",Wages,H,Store Mgr Pay,3356.00
"Q2, 26",Wages,H,Store Mgr Pay,3379.00
"Q3, 24",Wages,H,Store Mgr Pay,3432.00
"Q1, 25",Cost of Goods Sold,H,HBA ,3452.00
"Q4, 24",Wages,H,Store Mgr Pay,3492.00
"Q1, 26",Sales,H,HBA ,3659.00
"Q4, 25",Sales,H,DELI ,3706.00
"Q1, 26",Cost of Goods Sold,H,PRODUCE ,3766.00
"Q1, 24",Wages,H,Store Mgr Pay,3950.00
"Q2, 26",Sales,H,HBA ,4101.00
"Q1, 25",Sales,H,HBA ,4273.00
"Q2, 25",Cost of Goods Sold,H,DELI ,4393.00
"Q4, 25",Cost of Goods Sold,H,BEER ,4413.00
"Q4, 25",Cost of Goods Sold,H,TOBACCO ,4446.00
"Q4, 25",Sales,H,BEER ,4447.00
"Q2, 25",Sales,H,DELI ,4453.00
"Q1, 24",Sales,H,HBA ,4514.00
"Q1, 26",Cost of Goods Sold,H,TOBACCO ,4541.00
"Q4, 24",Cost of Goods Sold,H,HBA ,4561.00
"Q4, 25",Wages,H,PRODUCE ,4689.00
"Q3, 25",Cost of Goods Sold,H,DELI ,4711.00
"Q4, 25",Cost of Goods Sold,H,TOBACCO ,4745.00
"Q4, 25",Cost of Goods Sold,H,PRODUCE ,4777.00
"Q2, 24",Wages,H,Store Mgr Pay,4787.00
"Q3, 25",Sales,H,HBA ,4832.00
"Q2, 25",Sales,H,HBA ,4840.00
"Q1, 24",Cost of Goods Sold,H,TOBACCO ,4849.00
"Q3, 24",Sales,H,HBA ,4861.00
"Q2, 24",Cost of Goods Sold,H,HBA ,4861.00
"Q1, 26",Sales,H,TOBACCO ,4926.00
"Q2, 24",Sales,H,HBA ,4985.00
"Q3, 25",Cost of Goods Sold,H,TOBACCO ,5015.00
"Q2, 26",Sales,H,TOBACCO ,5022.00
"Q4, 25",Cost of Goods Sold,H,DELI ,5103.00
"Q4, 24",Sales,H,HBA ,5295.00
"Q4, 24",Cost of Goods Sold,H,TOBACCO ,5390.00
"Q3, 24",Wages,H,PRODUCE ,5397.00
"Q3, 25",Sales,H,TOBACCO ,5426.00
"Q1, 25",Cost of Goods Sold,H,TOBACCO ,5468.00
"Q4, 24",Wages,H,PRODUCE ,5637.00
"Q2, 25",Cost of Goods Sold,H,TOBACCO ,5664.00
"Q2, 26",Cost of Goods Sold,H,DELI ,5708.00
"Q4, 25",Cost of Goods Sold,H,BAKERY ,5711.00
"Q2, 25",Wages,H,PRODUCE ,5729.00
"Q2, 24",Cost of Goods Sold,H,TOBACCO ,5901.00
"Q2, 25",Sales,H,TOBACCO ,5937.00
"Q1, 24",Sales,H,TOBACCO ,5957.00
"Q1, 25",Wages,H,PRODUCE ,6033.00
"Q1, 26",Wages,H,PRODUCE ,6047.00
"Q2, 24",Sales,H,TOBACCO ,6103.00
"Q3, 25",Wages,H,PRODUCE ,6188.00
"Q3, 24",Sales,H,TOBACCO ,6248.00
"Q3, 25",Sales,H,DELI ,6266.00
"Q4, 24",Sales,H,TOBACCO ,6318.00
"Q2, 25",Cost of Goods Sold,H,Grocery,6323.00
"Q3, 25",Cost of Goods Sold,H,BEER ,6327.00
"Q2, 26",Sales,H,DELI ,6347.00
"Q1, 26",Cost of Goods Sold,H,DELI ,6381.00
"Q3, 24",Cost of Goods Sold,H,TOBACCO ,6413.00
"Q1, 26",Cost of Goods Sold,H,BEER ,6442.00
"Q1, 26",Sales,H,DELI ,6661.00
"Q1, 24",Wages,H,Store Mgr Pay,7150.00
"Q2, 26",Wages,H,PRODUCE ,7308.00
"Q1, 25",Sales,H,TOBACCO ,7413.00
"Q4, 25",Sales,H,BAKERY ,7664.00
"Q3, 25",Sales,H,BEER ,8337.00
"Q1, 26",Sales,H,BEER ,8652.00
"Q4, 24",Cost of Goods Sold,H,Grocery,8935.00
"Q3, 25",Cost of Goods Sold,H,BAKERY ,8968.00
"Q1, 25",Cost of Goods Sold,H,BAKERY ,9391.00
"Q4, 24",Cost of Goods Sold,H,MEAT ,9460.00
"Q2, 25",Cost of Goods Sold,H,BAKERY ,9583.00
"Q1, 26",Cost of Goods Sold,H,BAKERY ,9746.00
"Q2, 26",Cost of Goods Sold,H,BAKERY ,9755.00
"Q4, 25",Cost of Goods Sold,H,BAKERY ,9801.00
"Q1, 24",Cost of Goods Sold,H,PRODUCE ,9803.00
"Q3, 24",Cost of Goods Sold,H,HBA ,9864.00
"Q4, 25",Cost of Goods Sold,H,MEAT ,10030.00
"Q4, 24",Sales,H,BAKERY ,10153.00
"Q1, 26",Cost of Goods Sold,H,Grocery,10157.00
"Q4, 24",Cost of Goods Sold,H,BAKERY ,10212.00
"Q2, 26",Cost of Goods Sold,H,BEER ,10525.00
"Q2, 26",Wages,H,MEAT ,10619.00
"Q1, 26",Wages,H,MEAT ,10985.00
"Q3, 25",Wages,H,MEAT ,11062.00
"Q1, 25",Wages,H,Store Mgr Pay,11200.00
"Q4, 25",Wages,H,MEAT ,11454.00
"Q4, 24",Wages,H,Store Mgr Pay,11575.00
"Q3, 25",Sales,H,BAKERY ,11920.00
"Q3, 25",Wages,H,Store Mgr Pay,12000.00
"Q2, 24",Wages,H,Store Mgr Pay,12108.00
"Q4, 25",Wages,H,Store Mgr Pay,12400.00
"Q2, 26",Sales,H,BEER ,12587.00
"Q1, 24",Wages,H,MEAT ,12682.00
"Q2, 26",Wages,H,Store Mgr Pay,12710.00
"Q1, 26",Wages,H,Store Mgr Pay,12800.00
"Q1, 26",Sales,H,BAKERY ,12963.00
"Q3, 24",Wages,H,Store Mgr Pay,13000.00
"Q2, 25",Wages,H,Store Mgr Pay,13000.00
"Q1, 25",Sales,H,BAKERY ,13171.00
"Q2, 26",Cost of Goods Sold,H,DELI ,13232.00
"Q1, 26",Cost of Goods Sold,H,MEAT ,13662.00
"Q2, 26",Sales,H,BAKERY ,13806.00
"Q2, 25",Wages,H,MEAT ,13929.00
"Q2, 25",Sales,H,BAKERY ,13942.00
"Q2, 24",Wages,H,MEAT ,14121.00
"Q1, 25",Cost of Goods Sold,H,MEAT ,14185.00
"Q1, 25",Wages,H,MEAT ,14316.00
"Q4, 24",Wages,H,MEAT ,14338.00
"Q4, 25",Cost of Goods Sold,H,HBA ,14560.00
"Q3, 24",Wages,H,MEAT ,14716.00
"Q3, 24",Cost of Goods Sold,H,Grocery,18586.00
"Q2, 24",Cost of Goods Sold,H,Grocery,18810.00
"Q3, 25",Cost of Goods Sold,H,Grocery,19320.00
"Q4, 25",Cost of Goods Sold,H,PRODUCE ,23288.00
"Q4, 25",Sales,H,PRODUCE ,24541.00
"Q1, 25",Cost of Goods Sold,H,Grocery,24573.00
"Q1, 24",Cost of Goods Sold,H,MEAT ,25406.00
"Q1, 26",Cost of Goods Sold,H,PRODUCE ,28511.00
"Q3, 25",Wages,H,Grocery,29277.00
"Q1, 25",Cost of Goods Sold,H,PRODUCE ,30213.00
"Q1, 26",Wages,H,Grocery,30857.00
"Q4, 25",Wages,H,Grocery,30891.00
"Q2, 25",Cost of Goods Sold,H,PRODUCE ,31253.00
"Q3, 25",Cost of Goods Sold,H,PRODUCE ,32744.00
"Q2, 25",Wages,H,Grocery,32949.00
"Q2, 26",Wages,H,Grocery,33144.00
"Q1, 25",Wages,H,Grocery,33639.00
"Q4, 24",Cost of Goods Sold,H,PRODUCE ,33971.00
"Q1, 24",Cost of Goods Sold,H,PRODUCE ,35501.00
"Q2, 26",Cost of Goods Sold,H,PRODUCE ,35693.00
"Q4, 24",Wages,H,Grocery,36050.00
"Q3, 24",Wages,H,Grocery,37023.00
"Q2, 24",Cost of Goods Sold,H,PRODUCE ,38626.00
"Q1, 24",Wages,H,Grocery,39383.00
"Q3, 24",Cost of Goods Sold,H,PRODUCE ,40472.00
"Q2, 24",Wages,H,Grocery,41574.00
"Q1, 26",Sales,H,PRODUCE ,41993.00
"Q4, 24",Sales,H,PRODUCE ,42020.00
"Q1, 25",Sales,H,PRODUCE ,42741.00
"Q2, 25",Sales,H,PRODUCE ,46304.00
"Q3, 25",Sales,H,PRODUCE ,48205.00
"Q2, 26",Sales,H,PRODUCE ,49100.00
"Q1, 24",Sales,H,PRODUCE ,50582.00
"Q3, 24",Sales,H,PRODUCE ,54545.00
"Q2, 24",Sales,H,PRODUCE ,56014.00
"Q4, 25",Sales,H,MEAT ,68405.00
"Q4, 25",Cost of Goods Sold,H,MEAT ,74002.00
"Q1, 24",Cost of Goods Sold,H,Grocery,86019.00
"Q1, 25",Cost of Goods Sold,H,MEAT ,86286.00
"Q1, 26",Cost of Goods Sold,H,MEAT ,88135.00
"Q3, 25",Cost of Goods Sold,H,MEAT ,91021.00
"Q2, 26",Cost of Goods Sold,H,MEAT ,96025.00
"Q2, 25",Cost of Goods Sold,H,MEAT ,96378.00
"Q1, 24",Cost of Goods Sold,H,MEAT ,99460.00
"Q4, 24",Cost of Goods Sold,H,MEAT ,101942.00
"Q2, 24",Cost of Goods Sold,H,MEAT ,104145.00
"Q3, 24",Cost of Goods Sold,H,MEAT ,105892.00
"Q1, 25",Sales,H,MEAT ,117717.00
"Q3, 25",Sales,H,MEAT ,117860.00
"Q2, 26",Sales,H,MEAT ,118706.00
"Q2, 25",Sales,H,MEAT ,119093.00
"Q1, 26",Sales,H,MEAT ,120664.00
"Q4, 24",Sales,H,MEAT ,125172.00
"Q2, 24",Sales,H,MEAT ,128971.00
"Q1, 24",Sales,H,MEAT ,129122.00
"Q3, 24",Sales,H,MEAT ,131024.00
"Q4, 25",Cost of Goods Sold,H,Grocery,144896.00
"Q4, 25",Sales,H,Grocery,214506.00
"Q1, 26",Cost of Goods Sold,H,Grocery,254897.00
"Q1, 25",Cost of Goods Sold,H,Grocery,257025.00
"Q3, 25",Cost of Goods Sold,H,Grocery,258026.00
"Q2, 26",Cost of Goods Sold,H,Grocery,260557.00
"Q2, 25",Cost of Goods Sold,H,Grocery,274587.00
"Q1, 24",Cost of Goods Sold,H,Grocery,284676.00
"Q3, 24",Cost of Goods Sold,H,Grocery,299327.00
"Q2, 24",Cost of Goods Sold,H,Grocery,303633.00
"Q4, 25",Cost of Goods Sold,H,Grocery,312062.00
"Q2, 26",Sales,H,Grocery,319367.00
"Q1, 26",Sales,H,Grocery,327119.00
"Q3, 25",Sales,H,Grocery,345169.00
"Q2, 25",Sales,H,Grocery,347583.00
"Q1, 25",Sales,H,Grocery,351052.00
"Q4, 24",Cost of Goods Sold,H,Grocery,354388.00
"Q4, 24",Sales,H,Grocery,373054.00
"Q2, 24",Sales,H,Grocery,393039.00
"Q1, 24",Sales,H,Grocery,393876.00
"Q3, 24",Sales,H,Grocery,397352.00
"Q1, 24",Cost of Goods Sold,I,Grocery,-121380.00
"Q2, 25",Cost of Goods Sold,I,Grocery,-60511.00
"Q2, 24",Cost of Goods Sold,I,Grocery,-50663.00
"Q4, 25",Cost of Goods Sold,I,Grocery,-24611.00
"Q4, 24",Cost of Goods Sold,I,Grocery,-24002.00
"Q1, 24",Cost of Goods Sold,I,MEAT ,-22893.00
"Q1, 24",Cost of Goods Sold,I,Grocery,-21835.00
"Q1, 24",Cost of Goods Sold,I,Grocery,-20295.00
"Q1, 25",Cost of Goods Sold,I,Grocery,-20283.00
"Q2, 25",Cost of Goods Sold,I,Grocery,-19730.00
"Q2, 24",Cost of Goods Sold,I,Grocery,-19374.00
"Q2, 24",Cost of Goods Sold,I,MEAT ,-19201.00
"Q3, 24",Cost of Goods Sold,I,Grocery,-18827.00
"Q4, 24",Cost of Goods Sold,I,Grocery,-18652.00
"Q3, 25",Cost of Goods Sold,I,Grocery,-18641.00
"Q2, 24",Cost of Goods Sold,I,Grocery,-18575.00
"Q1, 25",Cost of Goods Sold,I,MEAT ,-16807.00
"Q1, 24",Cost of Goods Sold,I,PRODUCE ,-14438.00
"Q2, 25",Cost of Goods Sold,I,MEAT ,-13644.00
"Q1, 26",Cost of Goods Sold,I,Grocery,-13486.00
"Q3, 24",Cost of Goods Sold,I,Grocery,-13404.00
"Q4, 25",Cost of Goods Sold,I,Grocery,-12829.00
"Q4, 25",Cost of Goods Sold,I,Grocery,-12647.00
"Q2, 26",Cost of Goods Sold,I,Grocery,-11702.00
"Q4, 25",Cost of Goods Sold,I,Grocery,-11570.00
"Q1, 25",Cost of Goods Sold,I,Grocery,-10924.00
"Q1, 25",Cost of Goods Sold,I,HBA ,-10914.00
"Q3, 24",Cost of Goods Sold,I,MEAT ,-10457.00
"Q1, 25",Cost of Goods Sold,I,HBA ,-8665.00
"Q3, 24",Cost of Goods Sold,I,Grocery,-8497.00
"Q2, 25",Cost of Goods Sold,I,Grocery,-8206.00
"Q3, 25",Cost of Goods Sold,I,Grocery,-7519.00
"Q4, 25",Cost of Goods Sold,I,MEAT ,-7477.00
"Q2, 26",Cost of Goods Sold,I,Grocery,-7419.00
"Q2, 26",Cost of Goods Sold,I,Grocery,-7161.00
"Q4, 24",Cost of Goods Sold,I,PRODUCE ,-6795.00
"Q1, 24",Cost of Goods Sold,I,MEAT ,-6612.00
"Q3, 25",Cost of Goods Sold,I,MEAT ,-6599.00
"Q1, 25",Cost of Goods Sold,I,PRODUCE ,-6557.00
"Q1, 26",Cost of Goods Sold,I,Grocery,-6448.00
"Q3, 24",Cost of Goods Sold,I,TOBACCO ,-6175.00
"Q1, 26",Cost of Goods Sold,I,MEAT ,-6131.00
"Q4, 24",Cost of Goods Sold,I,MEAT ,-5709.00
"Q3, 24",Cost of Goods Sold,I,MEAT ,-5669.00
"Q2, 25",Cost of Goods Sold,I,MEAT ,-5537.00
"Q2, 26",Cost of Goods Sold,I,MEAT ,-5387.00
"Q1, 25",Cost of Goods Sold,I,MEAT ,-5078.00
"Q3, 24",Cost of Goods Sold,I,MEAT ,-4960.00
"Q4, 24",Cost of Goods Sold,I,BAKERY ,-4924.00
"Q2, 24",Cost of Goods Sold,I,HBA ,-4878.00
"Q2, 24",Cost of Goods Sold,I,MEAT ,-4809.00
"Q1, 26",Cost of Goods Sold,I,MEAT ,-4616.00
"Q4, 24",Cost of Goods Sold,I,MEAT ,-4597.00
"Q3, 24",Cost of Goods Sold,I,PRODUCE ,-4507.00
"Q2, 24",Cost of Goods Sold,I,MEAT ,-4448.00
"Q2, 25",Cost of Goods Sold,I,DELI ,-4052.00
"Q2, 24",Cost of Goods Sold,I,PRODUCE ,-4015.00
"Q2, 26",Cost of Goods Sold,I,PRODUCE ,-3700.00
"Q1, 25",Cost of Goods Sold,I,MEAT ,-3652.00
"Q2, 25",Cost of Goods Sold,I,Grocery,-3554.00
"Q2, 26",Cost of Goods Sold,I,DELI ,-3536.00
"Q2, 26",Cost of Goods Sold,I,MEAT ,-3449.00
"Q2, 25",Cost of Goods Sold,I,MEAT ,-3330.00
"Q2, 25",Cost of Goods Sold,I,BAKERY ,-3206.00
"Q1, 25",Cost of Goods Sold,I,DELI ,-3146.00
"Q4, 25",Cost of Goods Sold,I,PRODUCE ,-2987.00
"Q3, 25",Cost of Goods Sold,I,MEAT ,-2985.00
"Q1, 24",Cost of Goods Sold,I,MEAT ,-2941.00
"Q2, 24",Cost of Goods Sold,I,TOBACCO ,-2886.00
"Q1, 26",Cost of Goods Sold,I,PRODUCE ,-2679.00
"Q3, 25",Cost of Goods Sold,I,DELI ,-2657.00
"Q4, 24",Cost of Goods Sold,I,HBA ,-2508.00
"Q4, 25",Cost of Goods Sold,I,MEAT ,-2460.00
"Q4, 25",Cost of Goods Sold,I,MEAT ,-2294.00
"Q4, 24",Cost of Goods Sold,I,DELI ,-2100.00
"Q2, 26",Cost of Goods Sold,I,MEAT ,-2047.00
"Q2, 25",Cost of Goods Sold,I,PRODUCE ,-2044.00
"Q1, 25",Cost of Goods Sold,I,TOBACCO ,-2018.00
"Q2, 24",Cost of Goods Sold,I,HBA ,-1951.00
"Q4, 24",Cost of Goods Sold,I,Grocery,-1872.00
"Q1, 26",Cost of Goods Sold,I,BAKERY ,-1831.00
"Q1, 25",Cost of Goods Sold,I,Grocery,-1658.00
"Q1, 26",Cost of Goods Sold,I,MEAT ,-1513.00
"Q1, 26",Cost of Goods Sold,I,MEAT ,-1387.00
"Q4, 25",Cost of Goods Sold,I,DELI ,-1377.00
"Q2, 25",Cost of Goods Sold,I,TOBACCO ,-1374.00
"Q1, 25",Cost of Goods Sold,I,TOBACCO ,-1370.00
"Q4, 25",Cost of Goods Sold,I,BAKERY ,-1370.00
"Q3, 25",Cost of Goods Sold,I,BAKERY ,-1344.00
"Q4, 24",Cost of Goods Sold,I,BAKERY ,-1310.00
"Q2, 26",Cost of Goods Sold,I,DELI ,-1151.00
"Q2, 25",Cost of Goods Sold,I,DELI ,-900.00
"Q2, 25",Cost of Goods Sold,I,DELI ,-841.00
"Q2, 25",Cost of Goods Sold,I,Grocery,-805.00
"Q1, 24",Cost of Goods Sold,I,TOBACCO ,-763.00
"Q2, 25",Cost of Goods Sold,I,BAKERY ,-637.00
"Q4, 25",Cost of Goods Sold,I,BAKERY ,-603.00
"Q4, 24",Cost of Goods Sold,I,HBA ,-597.00
"Q4, 24",Cost of Goods Sold,I,PURCHASE DISCOUNT,-560.00
"Q2, 26",Cost of Goods Sold,I,MEAT ,-548.00
"Q2, 24",Cost of Goods Sold,I,TOBACCO ,-503.00
"Q3, 25",Cost of Goods Sold,I,DELI ,-503.00
"Q2, 26",Cost of Goods Sold,I,BAKERY ,-500.00
"Q3, 24",Cost of Goods Sold,I,PURCHASE DISCOUNT,-487.00
"Q1, 26",Cost of Goods Sold,I,BAKERY ,-481.00
"Q3, 25",Cost of Goods Sold,I,Grocery,-471.00
"Q2, 24",Cost of Goods Sold,I,PURCHASE DISCOUNT,-471.00
"Q1, 24",Cost of Goods Sold,I,TOBACCO ,-455.00
"Q3, 25",Cost of Goods Sold,I,DELI ,-442.00
"Q3, 25",Cost of Goods Sold,I,PURCHASE DISCOUNT,-426.00
"Q4, 25",Cost of Goods Sold,I,PURCHASE DISCOUNT,-422.00
"Q1, 25",Cost of Goods Sold,I,PURCHASE DISCOUNT,-420.00
"Q4, 24",Cost of Goods Sold,I,BAKERY ,-416.00
"Q2, 25",Cost of Goods Sold,I,PURCHASE DISCOUNT,-407.00
"Q2, 25",Cost of Goods Sold,I,MEAT ,-401.00
"Q3, 24",Cost of Goods Sold,I,HBA ,-390.00
"Q1, 24",Cost of Goods Sold,I,PURCHASE DISCOUNT,-381.00
"Q2, 26",Cost of Goods Sold,I,BAKERY ,-377.00
"Q1, 25",Cost of Goods Sold,I,HBA ,-368.00
"Q2, 26",Cost of Goods Sold,I,PURCHASE DISCOUNT,-363.00
"Q4, 25",Cost of Goods Sold,I,Grocery,-361.00
"Q4, 24",Cost of Goods Sold,I,TOBACCO ,-361.00
"Q4, 25",Cost of Goods Sold,I,MEAT ,-339.00
"Q1, 25",Cost of Goods Sold,I,MEAT ,-321.00
"Q1, 26",Cost of Goods Sold,I,PURCHASE DISCOUNT,-319.00
"Q4, 24",Cost of Goods Sold,I,Grocery,-288.00
"Q1, 25",Cost of Goods Sold,I,BAKERY ,-285.00
"Q3, 25",Cost of Goods Sold,I,BAKERY ,-281.00
"Q1, 25",Cost of Goods Sold,I,DELI ,-271.00
"Q3, 24",Cost of Goods Sold,I,TOBACCO ,-261.00
"Q1, 26",Cost of Goods Sold,I,Grocery,-260.00
"Q2, 24",Cost of Goods Sold,I,TOBACCO ,-245.00
"Q4, 25",Cost of Goods Sold,I,DELI ,-233.00
"Q4, 25",Cost of Goods Sold,I,DELI ,-223.00
"Q4, 24",Cost of Goods Sold,I,TOBACCO ,-217.00
"Q4, 24",Cost of Goods Sold,I,DELI ,-213.00
"Q3, 24",Cost of Goods Sold,I,TOBACCO ,-213.00
"Q4, 24",Cost of Goods Sold,I,PRODUCE ,-212.00
"Q2, 24",Cost of Goods Sold,I,PRODUCE ,-209.00
"Q1, 25",Cost of Goods Sold,I,DELI ,-200.00
"Q1, 24",Cost of Goods Sold,I,TOBACCO ,-200.00
"Q2, 26",Cost of Goods Sold,I,Grocery,-198.00
"Q1, 25",Cost of Goods Sold,I,TOBACCO ,-190.00
"Q2, 25",Cost of Goods Sold,I,BAKERY ,-187.00
"Q2, 26",Cost of Goods Sold,I,PRODUCE ,-186.00
"Q4, 25",Cost of Goods Sold,I,HBA ,-180.00
"Q2, 25",Cost of Goods Sold,I,TOBACCO ,-174.00
"Q3, 24",Cost of Goods Sold,I,MEAT ,-164.00
"Q1, 26",Cost of Goods Sold,I,DELI ,-158.00
"Q4, 25",Cost of Goods Sold,I,FLORAL ,-156.00
"Q2, 25",Cost of Goods Sold,I,PRODUCE ,-150.00
"Q1, 26",Cost of Goods Sold,I,DELI ,-148.00
"Q1, 24",Cost of Goods Sold,I,Dairy,-145.00
"Q2, 25",Cost of Goods Sold,I,TOBACCO ,-140.00
"Q4, 24",Cost of Goods Sold,I,TOBACCO ,-137.00
"Q3, 25",Cost of Goods Sold,I,TOBACCO ,-127.00
"Q2, 24",Cost of Goods Sold,I,HBA ,-127.00
"Q2, 26",Cost of Goods Sold,I,Grocery,-122.00
"Q1, 26",Cost of Goods Sold,I,PRODUCE ,-121.00
"Q4, 25",Cost of Goods Sold,I,TOBACCO ,-118.00
"Q1, 25",Cost of Goods Sold,I,BAKERY ,-115.00
"Q3, 25",Cost of Goods Sold,I,BAKERY ,-111.00
"Q3, 24",Cost of Goods Sold,I,PRODUCE ,-111.00
"Q2, 26",Cost of Goods Sold,I,TOBACCO ,-110.00
"Q4, 25",Cost of Goods Sold,I,PRODUCE ,-109.00
"Q2, 26",Cost of Goods Sold,I,DELI ,-107.00
"Q1, 26",Cost of Goods Sold,I,BAKERY ,-106.00
"Q1, 26",Cost of Goods Sold,I,TOBACCO ,-104.00
"Q3, 24",Cost of Goods Sold,I,Grocery,-96.00
"Q3, 25",Cost of Goods Sold,I,PRODUCE ,-89.00
"Q1, 24",Cost of Goods Sold,I,PRODUCE ,-83.00
"Q1, 24",Cost of Goods Sold,I,Grocery,-75.00
"Q4, 24",Cost of Goods Sold,I,DELI ,-74.00
"Q1, 24",Cost of Goods Sold,I,HBA ,-72.00
"Q3, 25",Cost of Goods Sold,I,TOBACCO ,-69.00
"Q4, 25",Cost of Goods Sold,I,BAKERY ,-68.00
"Q3, 24",Cost of Goods Sold,I,MEAT ,-68.00
"Q1, 25",Cost of Goods Sold,I,TOBACCO ,-64.00
"Q1, 25",Cost of Goods Sold,I,PRODUCE ,-58.00
"Q3, 25",Cost of Goods Sold,I,MEAT ,-54.00
"Q1, 26",Cost of Goods Sold,I,DELI ,-52.00
"Q2, 25",Cost of Goods Sold,I,HBA ,-50.00
"Q1, 25",Cost of Goods Sold,I,PRODUCE ,-44.00
"Q4, 24",Cost of Goods Sold,I,HBA ,-34.00
"Q2, 26",Cost of Goods Sold,I,BAKERY ,-30.00
"Q1, 24",Cost of Goods Sold,I,HBA ,-29.00
"Q4, 24",Cost of Goods Sold,I,Dairy,-29.00
"Q2, 26",Cost of Goods Sold,I,HBA ,-27.00
"Q1, 26",Cost of Goods Sold,I,HBA ,-26.00
"Q4, 24",Cost of Goods Sold,I,BAKERY ,-24.00
"Q3, 25",Cost of Goods Sold,I,HBA ,-23.00
"Q4, 25",Cost of Goods Sold,I,PRODUCE ,-19.00
"Q3, 24",Cost of Goods Sold,I,HBA ,-16.00
"Q1, 25",Cost of Goods Sold,I,HBA ,-16.00
"Q2, 24",Cost of Goods Sold,I,HBA ,-11.00
"Q1, 26",Cost of Goods Sold,I,PRODUCE ,-8.00
"Q2, 24",Cost of Goods Sold,I,Grocery,-7.00
"Q2, 24",Cost of Goods Sold,I,PRODUCE ,-7.00
"Q3, 25",Cost of Goods Sold,I,TOBACCO ,-7.00
"Q4, 24",Cost of Goods Sold,I,PRODUCE ,-5.00
"Q2, 26",Cost of Goods Sold,I,PRODUCE ,-5.00
"Q3, 25",Cost of Goods Sold,I,PRODUCE ,-4.00
"Q4, 25",Cost of Goods Sold,I,TOBACCO ,-3.00
"Q3, 24",Cost of Goods Sold,I,PRODUCE ,-2.00
"Q2, 25",Cost of Goods Sold,I,PRODUCE ,-2.00
"Q4, 24",Cost of Goods Sold,I,MEAT ,0.00
"Q2, 25",Cost of Goods Sold,I,HBA ,0.00
"Q3, 25",Cost of Goods Sold,I,HBA ,0.00
"Q4, 25",Cost of Goods Sold,I,HBA ,0.00
"Q2, 24",Cost of Goods Sold,I,Dairy,0.00
"Q3, 24",Cost of Goods Sold,I,Dairy,0.00
"Q4, 25",Cost of Goods Sold,I,Dairy,0.00
"Q2, 26",Cost of Goods Sold,I,Dairy,0.00
"Q2, 26",Cost of Goods Sold,I,Frozen,0.00
"Q3, 25",Cost of Goods Sold,I,HBA ,0.00
"Q4, 25",Cost of Goods Sold,I,HBA ,0.00
"Q2, 25",Cost of Goods Sold,I,HBA ,0.00
"Q3, 25",Cost of Goods Sold,I,HBA ,0.00
"Q4, 25",Cost of Goods Sold,I,HBA ,0.00
"Q2, 26",Supplies,I,DELI ,0.00
"Q3, 24",Supplies,I,PRODUCE ,0.00
"Q4, 25",Supplies,I,PRODUCE ,0.00
"Q2, 24",Wages,I,Store Mgr Pay,0.00
"Q3, 24",Wages,I,Store Mgr Pay,0.00
"Q4, 24",Wages,I,Store Mgr Pay,0.00
"Q2, 24",Wages,I,Grocery,0.00
"Q3, 24",Wages,I,Grocery,0.00
"Q2, 24",Wages,I,MEAT ,0.00
"Q3, 24",Wages,I,MEAT ,0.00
"Q2, 24",Wages,I,Store Mgr Pay,0.00
"Q3, 24",Wages,I,Store Mgr Pay,0.00
"Q2, 26",Wages,I,PRODUCE ,25.00
"Q1, 25",Cost of Goods Sold,I,BAKERY ,32.00
"Q1, 24",Wages,I,Store Mgr Pay,85.00
"Q1, 24",Wages,I,MEAT ,132.00
"Q1, 24",Cost of Goods Sold,I,TOBACCO ,145.00
"Q2, 25",Supplies,I,PRODUCE ,157.00
"Q4, 25",Sales,I,FLORAL ,164.00
"Q1, 26",Supplies,I,DELI ,190.00
"Q4, 24",Wages,I,PRODUCE ,216.00
"Q4, 25",Wages,I,PRODUCE ,216.00
"Q1, 26",Supplies,I,PRODUCE ,246.00
"Q3, 25",Supplies,I,Grocery,276.00
"Q1, 26",Cost of Goods Sold,I,TOBACCO ,312.00
"Q4, 24",Cost of Goods Sold,I,HBA ,329.00
"Q3, 25",Cost of Goods Sold,I,PRODUCE ,331.00
"Q1, 24",Wages,I,Grocery,341.00
"Q2, 25",Wages,I,PRODUCE ,343.00
"Q1, 24",Wages,I,Store Mgr Pay,347.00
"Q4, 25",Cost of Goods Sold,I,TOBACCO ,348.00
"Q4, 24",Wages,I,Store Mgr Pay,400.00
"Q4, 25",Wages,I,Store Mgr Pay,400.00
"Q4, 25",Wages,I,MEAT ,420.00
"Q1, 26",Cost of Goods Sold,I,DELI ,423.00
"Q3, 25",Supplies,I,PRODUCE ,424.00
"Q2, 26",Supplies,I,PRODUCE ,435.00
"Q3, 24",Wages,I,PRODUCE ,465.00
"Q4, 24",Wages,I,MEAT ,498.00
"Q4, 25",Cost of Goods Sold,I,DELI ,518.00
"Q2, 26",Supplies,I,MEAT ,584.00
"Q4, 25",Cost of Goods Sold,I,PRODUCE ,594.00
"Q3, 25",Sales,I,FLORAL ,602.00
"Q1, 25",Supplies,I,Grocery,662.00
"Q1, 24",Cost of Goods Sold,I,HBA ,677.00
"Q1, 25",Cost of Goods Sold,I,BAKERY ,697.00
"Q3, 25",Wages,I,PRODUCE ,715.00
"Q4, 24",Sales,I,FLORAL ,742.00
"Q2, 26",Cost of Goods Sold,I,PRODUCE ,761.00
"Q2, 26",Wages,I,Grocery,778.00
"Q1, 26",Wages,I,Grocery,810.00
"Q4, 24",Supplies,I,Grocery,855.00
"Q4, 25",Wages,I,PRODUCE ,872.00
"Q2, 26",Supplies,I,Grocery,876.00
"Q4, 25",Wages,I,Grocery,890.00
"Q4, 25",Supplies,I,Grocery,944.00
"Q2, 24",Supplies,I,MEAT ,952.00
"Q3, 24",Cost of Goods Sold,I,TOBACCO ,988.00
"Q1, 26",Cost of Goods Sold,I,BAKERY ,1033.00
"Q4, 24",Wages,I,PRODUCE ,1056.00
"Q4, 24",Supplies,I,PRODUCE ,1064.00
"Q4, 25",Wages,I,Grocery,1068.00
"Q1, 25",Sales,I,FLORAL ,1142.00
"Q3, 24",Cost of Goods Sold,I,HBA ,1195.00
"Q1, 26",Supplies,I,Grocery,1199.00
"Q2, 25",Supplies,I,Grocery,1215.00
"Q3, 25",Cost of Goods Sold,I,PRODUCE ,1240.00
"Q4, 25",Cost of Goods Sold,I,BAKERY ,1248.00
"Q2, 25",Cost of Goods Sold,I,PRODUCE ,1309.00
"Q3, 25",Supplies,I,MEAT ,1421.00
"Q2, 25",Cost of Goods Sold,I,HBA ,1470.00
"Q2, 26",Sales,I,FLORAL ,1478.00
"Q4, 24",Wages,I,Grocery,1478.00
"Q2, 24",Supplies,I,PRODUCE ,1637.00
"Q4, 25",Cost of Goods Sold,I,TOBACCO ,1684.00
"Q1, 24",Wages,I,Store Mgr Pay,1709.00
"Q1, 26",Cost of Goods Sold,I,TOBACCO ,1803.00
"Q2, 26",Wages,I,MEAT ,1859.00
"Q1, 24",Cost of Goods Sold,I,HBA ,1900.00
"Q4, 25",Supplies,I,MEAT ,1912.00
"Q2, 26",Cost of Goods Sold,I,BAKERY ,1938.00
"Q1, 25",Wages,I,Grocery,1946.00
"Q2, 25",Supplies,I,MEAT ,1972.00
"Q4, 24",Cost of Goods Sold,I,DELI ,1973.00
"Q4, 24",Cost of Goods Sold,I,MEAT ,1995.00
"Q3, 25",Cost of Goods Sold,I,BAKERY ,2042.00
"Q1, 26",Sales,I,FLORAL ,2161.00
"Q1, 24",Wages,I,MEAT ,2204.00
"Q1, 25",Supplies,I,MEAT ,2278.00
"Q4, 25",Cost of Goods Sold,I,MEAT ,2289.00
"Q3, 25",Cost of Goods Sold,I,HBA ,2295.00
"Q4, 24",Cost of Goods Sold,I,TOBACCO ,2300.00
"Q2, 26",Cost of Goods Sold,I,DELI ,2349.00
"Q3, 24",Supplies,I,Grocery,2482.00
"Q3, 25",Wages,I,Grocery,2536.00
"Q2, 25",Cost of Goods Sold,I,BAKERY ,2543.00
"Q3, 24",Wages,I,Grocery,2545.00
"Q1, 26",Cost of Goods Sold,I,HBA ,2575.00
"Q2, 25",Cost of Goods Sold,I,MEAT ,2579.00
"Q3, 25",Cost of Goods Sold,I,DELI ,2597.00
"Q3, 24",Supplies,I,MEAT ,2664.00
"Q1, 26",Supplies,I,MEAT ,2706.00
"Q2, 25",Wages,I,Grocery,2782.00
"Q1, 25",Cost of Goods Sold,I,DELI ,2834.00
"Q2, 24",Wages,I,Grocery,2876.00
"Q2, 26",Cost of Goods Sold,I,TOBACCO ,2931.00
"Q3, 25",Cost of Goods Sold,I,TOBACCO ,2952.00
"Q2, 26",Cost of Goods Sold,I,HBA ,2976.00
"Q2, 26",Cost of Goods Sold,I,TOBACCO ,2992.00
"Q4, 24",Wages,I,Grocery,3010.00
"Q4, 24",Sales,I,DELI ,3060.00
"Q2, 25",Cost of Goods Sold,I,TOBACCO ,3079.00
"Q1, 26",Wages,I,MEAT ,3179.00
"Q2, 25",Sales,I,FLORAL ,3204.00
"Q2, 24",Wages,I,MEAT ,3245.00
"Q2, 25",Cost of Goods Sold,I,HBA ,3388.00
"Q4, 24",Supplies,I,MEAT ,3395.00
"Q1, 26",Wages,I,PRODUCE ,3465.00
"Q4, 24",Cost of Goods Sold,I,MEAT ,3550.00
"Q3, 25",Wages,I,MEAT ,3603.00
"Q1, 26",Cost of Goods Sold,I,PRODUCE ,3655.00
"Q4, 24",Wages,I,MEAT ,3774.00
"Q2, 25",Cost of Goods Sold,I,DELI ,3994.00
"Q2, 24",Cost of Goods Sold,I,TOBACCO ,4042.00
"Q4, 24",Cost of Goods Sold,I,PRODUCE ,4301.00
"Q3, 24",Wages,I,MEAT ,4440.00
"Q4, 25",Wages,I,MEAT ,4551.00
"Q2, 24",Cost of Goods Sold,I,PRODUCE ,4658.00
"Q3, 25",Cost of Goods Sold,I,DELI ,4763.00
"Q2, 25",Wages,I,MEAT ,4778.00
"Q2, 26",Sales,I,HBA ,5005.00
"Q1, 26",Sales,I,HBA ,5136.00
"Q1, 25",Wages,I,MEAT ,5159.00
"Q1, 24",Wages,I,Grocery,5203.00
"Q1, 25",Wages,I,PRODUCE ,5208.00
"Q1, 24",Cost of Goods Sold,I,HBA ,5482.00
"Q3, 24",Wages,I,PRODUCE ,5738.00
"Q2, 24",Cost of Goods Sold,I,MEAT ,5826.00
"Q3, 25",Wages,I,PRODUCE ,5909.00
"Q2, 26",Wages,I,PRODUCE ,6124.00
"Q4, 24",Cost of Goods Sold,I,DELI ,6137.00
"Q3, 24",Cost of Goods Sold,I,HBA ,6156.00
"Q4, 24",Wages,I,PRODUCE ,6190.00
"Q1, 26",Cost of Goods Sold,I,DELI ,6231.00
"Q4, 25",Wages,I,PRODUCE ,6246.00
"Q2, 26",Cost of Goods Sold,I,MEAT ,6330.00
"Q1, 24",Supplies,I,Grocery,6483.00
"Q3, 24",Cost of Goods Sold,I,PRODUCE ,6500.00
"Q4, 25",Sales,I,HBA ,6576.00
"Q2, 25",Wages,I,PRODUCE ,6621.00
"Q1, 26",Cost of Goods Sold,I,MEAT ,6622.00
"Q4, 25",Cost of Goods Sold,I,DELI ,6820.00
"Q4, 25",Cost of Goods Sold,I,HBA ,6856.00
"Q3, 25",Sales,I,HBA ,7055.00
"Q2, 25",Sales,I,HBA ,7086.00
"Q1, 25",Sales,I,HBA ,7135.00
"Q1, 25",Cost of Goods Sold,I,PRODUCE ,7139.00
"Q4, 24",Cost of Goods Sold,I,HBA ,7158.00
"Q3, 25",Cost of Goods Sold,I,MEAT ,7168.00
"Q2, 24",Supplies,I,Grocery,7509.00
"Q1, 26",Wages,I,Store Mgr Pay,7993.00
"Q1, 24",Sales,I,HBA ,8119.00
"Q1, 25",Sales,I,DELI ,8746.00
"Q3, 25",Cost of Goods Sold,I,MEAT ,8823.00
"Q1, 25",Cost of Goods Sold,I,DELI ,9072.00
"Q4, 24",Wages,I,Store Mgr Pay,9111.00
"Q4, 24",Sales,I,HBA ,9142.00
"Q3, 24",Sales,I,HBA ,9261.00
"Q2, 26",Cost of Goods Sold,I,TOBACCO ,9322.00
"Q2, 24",Sales,I,HBA ,9509.00
"Q2, 25",Sales,I,DELI ,9520.00
"Q2, 26",Cost of Goods Sold,I,BAKERY ,9571.00
"Q1, 26",Sales,I,DELI ,9629.00
"Q3, 25",Cost of Goods Sold,I,BAKERY ,9858.00
"Q2, 26",Sales,I,DELI ,9951.00
"Q3, 24",Wages,I,Store Mgr Pay,10000.00
"Q4, 24",Cost of Goods Sold,I,BAKERY ,10444.00
"Q3, 24",Cost of Goods Sold,I,HBA ,10510.00
"Q3, 25",Sales,I,DELI ,10517.00
"Q2, 24",Wages,I,Store Mgr Pay,10853.00
"Q2, 26",Cost of Goods Sold,I,DELI ,10864.00
"Q1, 25",Cost of Goods Sold,I,BAKERY ,10874.00
"Q4, 24",Cost of Goods Sold,I,Grocery,11090.00
"Q2, 26",Wages,I,Store Mgr Pay,11146.00
"Q4, 25",Sales,I,DELI ,11281.00
"Q2, 25",Cost of Goods Sold,I,DELI ,11599.00
"Q1, 25",Wages,I,Store Mgr Pay,12000.00
"Q3, 25",Wages,I,Store Mgr Pay,12000.00
"Q1, 26",Cost of Goods Sold,I,BAKERY ,12064.00
"Q2, 24",Cost of Goods Sold,I,HBA ,12147.00
"Q2, 25",Cost of Goods Sold,I,BAKERY ,12587.00
"Q4, 25",Wages,I,Store Mgr Pay,12600.00
"Q2, 25",Wages,I,Store Mgr Pay,13000.00
"Q1, 24",Cost of Goods Sold,I,PRODUCE ,13118.00
"Q2, 24",Cost of Goods Sold,I,Grocery,13124.00
"Q4, 25",Cost of Goods Sold,I,BAKERY ,13473.00
"Q2, 25",Cost of Goods Sold,I,TOBACCO ,13837.00
"Q3, 25",Cost of Goods Sold,I,Grocery,14088.00
"Q2, 26",Sales,I,TOBACCO ,14286.00
"Q2, 26",Sales,I,BAKERY ,14440.00
"Q4, 24",Sales,I,BAKERY ,14747.00
"Q3, 25",Cost of Goods Sold,I,TOBACCO ,15337.00
"Q1, 26",Cost of Goods Sold,I,TOBACCO ,15760.00
"Q1, 26",Sales,I,BAKERY ,16076.00
"Q4, 25",Cost of Goods Sold,I,TOBACCO ,16669.00
"Q1, 25",Sales,I,BAKERY ,17509.00
"Q1, 25",Cost of Goods Sold,I,MEAT ,17652.00
"Q3, 25",Sales,I,TOBACCO ,17804.00
"Q2, 25",Wages,I,MEAT ,18320.00
"Q4, 25",Wages,I,MEAT ,18338.00
"Q2, 26",Wages,I,MEAT ,18520.00
"Q4, 25",Sales,I,BAKERY ,19053.00
"Q3, 25",Sales,I,BAKERY ,19180.00
"Q2, 25",Sales,I,TOBACCO ,19531.00
"Q3, 25",Wages,I,MEAT ,19781.00
"Q1, 25",Wages,I,MEAT ,19903.00
"Q1, 24",Wages,I,MEAT ,20184.00
"Q1, 26",Sales,I,TOBACCO ,20540.00
"Q1, 26",Wages,I,MEAT ,21085.00
"Q4, 24",Wages,I,MEAT ,21109.00
"Q4, 25",Sales,I,TOBACCO ,21449.00
"Q1, 25",Cost of Goods Sold,I,Grocery,22788.00
"Q4, 24",Cost of Goods Sold,I,TOBACCO ,22840.00
"Q3, 24",Wages,I,MEAT ,23343.00
"Q2, 24",Wages,I,MEAT ,23466.00
"Q1, 25",Cost of Goods Sold,I,TOBACCO ,23534.00
"Q1, 25",Sales,I,TOBACCO ,23673.00
"Q2, 25",Sales,I,BAKERY ,23844.00
"Q1, 26",Cost of Goods Sold,I,Grocery,24645.00
"Q1, 24",Cost of Goods Sold,I,TOBACCO ,24671.00
"Q1, 24",Cost of Goods Sold,I,MEAT ,24753.00
"Q1, 25",Cost of Goods Sold,I,HBA ,25531.00
"Q1, 24",Sales,I,TOBACCO ,26581.00
"Q1, 25",Cost of Goods Sold,I,Grocery,26673.00
"Q3, 24",Cost of Goods Sold,I,Grocery,27936.00
"Q2, 24",Cost of Goods Sold,I,TOBACCO ,28885.00
"Q4, 24",Sales,I,TOBACCO ,28991.00
"Q3, 25",Cost of Goods Sold,I,Grocery,29235.00
"Q2, 24",Sales,I,TOBACCO ,29896.00
"Q3, 24",Sales,I,TOBACCO ,30268.00
"Q3, 24",Cost of Goods Sold,I,TOBACCO ,32377.00
"Q2, 26",Wages,I,Grocery,46114.00
"Q4, 25",Wages,I,Grocery,46792.00
"Q2, 25",Wages,I,Grocery,48265.00
"Q1, 26",Cost of Goods Sold,I,Grocery,50587.00
"Q1, 25",Wages,I,Grocery,51983.00
"Q3, 24",Wages,I,Grocery,53981.00
"Q3, 25",Wages,I,Grocery,54020.00
"Q1, 25",Cost of Goods Sold,I,PRODUCE ,54464.00
"Q1, 26",Cost of Goods Sold,I,PRODUCE ,57370.00
"Q4, 24",Wages,I,Grocery,57735.00
"Q2, 24",Wages,I,Grocery,59394.00
"Q1, 24",Wages,I,Grocery,59589.00
"Q1, 26",Wages,I,Grocery,59699.00
"Q4, 25",Cost of Goods Sold,I,PRODUCE ,60703.00
"Q1, 24",Cost of Goods Sold,I,PRODUCE ,61693.00
"Q2, 26",Cost of Goods Sold,I,PRODUCE ,64832.00
"Q3, 25",Cost of Goods Sold,I,PRODUCE ,65421.00
"Q2, 25",Cost of Goods Sold,I,PRODUCE ,67252.00
"Q2, 24",Cost of Goods Sold,I,PRODUCE ,68656.00
"Q3, 24",Cost of Goods Sold,I,PRODUCE ,70288.00
"Q4, 24",Cost of Goods Sold,I,PRODUCE ,70972.00
"Q1, 26",Sales,I,PRODUCE ,79695.00
"Q1, 25",Sales,I,PRODUCE ,79781.00
"Q4, 25",Sales,I,PRODUCE ,82119.00
"Q2, 26",Sales,I,PRODUCE ,85586.00
"Q2, 25",Sales,I,PRODUCE ,89918.00
"Q4, 24",Sales,I,PRODUCE ,91193.00
"Q3, 25",Sales,I,PRODUCE ,93667.00
"Q3, 24",Sales,I,PRODUCE ,93812.00
"Q1, 24",Sales,I,PRODUCE ,94034.00
"Q2, 24",Sales,I,PRODUCE ,104425.00
"Q1, 24",Cost of Goods Sold,I,Grocery,147927.00
"Q1, 26",Cost of Goods Sold,I,MEAT ,165951.00
"Q2, 26",Cost of Goods Sold,I,MEAT ,166955.00
"Q1, 24",Cost of Goods Sold,I,MEAT ,168193.00
"Q4, 25",Cost of Goods Sold,I,MEAT ,168971.00
"Q1, 25",Cost of Goods Sold,I,MEAT ,169703.00
"Q3, 25",Cost of Goods Sold,I,MEAT ,176476.00
"Q4, 24",Cost of Goods Sold,I,MEAT ,181571.00
"Q2, 25",Cost of Goods Sold,I,MEAT ,199378.00
"Q3, 24",Cost of Goods Sold,I,MEAT ,199851.00
"Q1, 26",Sales,I,MEAT ,206414.00
"Q2, 24",Cost of Goods Sold,I,MEAT ,206504.00
"Q2, 26",Sales,I,MEAT ,210169.00
"Q4, 25",Sales,I,MEAT ,211353.00
"Q1, 24",Sales,I,MEAT ,221656.00
"Q1, 25",Sales,I,MEAT ,224675.00
"Q4, 24",Sales,I,MEAT ,234134.00
"Q3, 25",Sales,I,MEAT ,237380.00
"Q2, 25",Sales,I,MEAT ,238469.00
"Q2, 24",Sales,I,MEAT ,240602.00
"Q3, 24",Sales,I,MEAT ,241354.00
"Q1, 26",Cost of Goods Sold,I,Grocery,280272.00
"Q2, 26",Cost of Goods Sold,I,Grocery,323328.00
"Q3, 25",Cost of Goods Sold,I,Grocery,337482.00
"Q1, 25",Cost of Goods Sold,I,Grocery,366688.00
"Q2, 25",Cost of Goods Sold,I,Grocery,380180.00
"Q4, 25",Cost of Goods Sold,I,Grocery,383583.00
"Q3, 24",Cost of Goods Sold,I,Grocery,388508.00
"Q1, 24",Cost of Goods Sold,I,Grocery,389971.00
"Q2, 26",Sales,I,Grocery,397103.00
"Q1, 26",Sales,I,Grocery,413850.00
"Q2, 24",Cost of Goods Sold,I,Grocery,422163.00
"Q4, 24",Cost of Goods Sold,I,Grocery,431654.00
"Q4, 25",Sales,I,Grocery,449247.00
"Q3, 25",Sales,I,Grocery,451141.00
"Q2, 25",Sales,I,Grocery,463847.00
"Q1, 25",Sales,I,Grocery,479820.00
"Q3, 24",Sales,I,Grocery,512157.00
"Q4, 24",Sales,I,Grocery,515789.00
"Q2, 24",Sales,I,Grocery,516015.00
"Q1, 24",Sales,I,Grocery,523192.00
